Date,simple return
2010-01-04,
2010-01-05,0.00032754696081460644
2010-01-06,-0.004743389707434931
2010-01-07,-0.0054228594544739606
2010-01-08,-0.0013218565339058186
2010-01-11,-0.003970906571082011
2010-01-12,0.011461516534999161
2010-01-13,0.010346685783203746
2010-01-14,0.0009753857716954251
2010-01-15,-0.01234160777417248
2010-01-19,0.014797599241954451
2010-01-20,-0.013544276927537457
2010-01-21,-0.010091133446822664
2010-01-22,0.007854421433517444
2010-01-25,0.005305713299468273
2010-01-26,0.0009898870176971997
2010-01-27,0.00197729344998665
2010-01-28,0.014306609939705117
2010-01-29,-0.002107672622760015
2010-02-01,0.007148920011615267
2010-02-02,0.01467932731066468
2010-02-03,-0.003974194385805263
2010-02-04,-0.01995236819954005
2010-02-05,-0.001628547796973523
2010-02-08,-0.00473083749012948
2010-02-09,0.01229287788272626
2010-02-10,-0.0014574920554140114
2010-02-11,0.004702799000122493
2010-02-12,-0.0032279989308278134
2010-02-16,0.01732543058645919
2010-02-17,0.0003180439129517598
2010-02-18,0.008592027485603282
2010-02-19,0.000946453630904287
2010-02-22,-0.0004728626902253952
2010-02-23,-0.0033110211203809525
2010-02-24,0.010757771332631227
2010-02-25,-0.00297397874126204
2010-02-26,-0.006593348759070472
2010-03-01,0.003634378801827376
2010-03-02,0.0031495512297470274
2010-03-03,-0.0025114479664899436
2010-03-04,0.0018881411968827422
2010-03-05,0.0003143462913490769
2010-03-08,-0.007850708107154047
2010-03-09,0.0017409915090995653
2010-03-10,-0.0045816970030303494
2010-03-11,0.0025391814146389358
2010-03-12,0.002374709763741212
2010-03-15,0.006001250472768671
2010-03-16,-0.0026686514145894957
2010-03-17,0.007555442283941893
2010-03-18,-0.004374250319698403
2010-03-19,0.0017258247015132788
2010-03-22,0.0006264386947778533
2010-03-23,0.010175511556903105
2010-03-24,-0.014256813906963428
2010-03-25,0.00015744608157519657
2010-03-26,0.0011002036419840433
2010-03-29,0.000627913846533934
2010-03-30,-0.0010985538003862594
2010-03-31,-0.006126189044925678
2010-04-01,0.00142254013634191
2010-04-05,0.006312844588201694
2010-04-06,-0.010194081396902366
2010-04-07,-0.009665805331563693
2010-04-08,0.0009600156485849443
2010-04-09,0.002717027023874552
2010-04-12,-0.00047803730073381345
2010-04-13,0.004784683345955498
2010-04-14,0.0030159925748820537
2010-04-15,-0.0030069237152834383
2010-04-16,-0.0023810335169413
2010-04-19,0.005887284189703523
2010-04-20,-0.00047458292282687164
2010-04-21,0.006963212903805527
2010-04-22,-0.0006288384115477053
2010-04-23,-0.0007863139463205604
2010-04-26,0.006295295339029838
2010-04-27,-0.01298065046901975
2010-04-28,0.00865390416055023
2010-04-29,-0.015355229550090499
2010-04-30,-0.0006431069447282445
2010-05-03,0.008365432693237196
2010-05-04,-0.01547535150247814
2010-05-05,0.007292167569514119
2010-05-06,-0.022683369448894486
2010-05-07,-0.007242679472671321
2010-05-10,0.03498566981228923
2010-05-11,-0.0008009874137034911
2010-05-12,0.010421688419532948
2010-05-13,-0.004284301137584268
2010-05-14,-0.003346655564667844
2010-05-17,0.013431405296795651
2010-05-18,-0.002682090515483848
2010-05-19,0.00015814548886883273
2010-05-20,-0.025466777060494605
2010-05-21,0.003895423516157903
2010-05-24,-0.007275577636577157
2010-05-25,-0.0057000558416769875
2010-05-26,-0.009991970254701554
2010-05-27,0.008438102020030813
2010-05-28,0.0022970796069248234
2010-06-01,0.0011457787172226563
2010-06-02,0.009483489905752762
2010-06-03,0.0009714650210972398
2010-06-04,-0.016181058854147
2010-06-07,-0.002960834578018545
2010-06-08,0.025074677821509406
2010-06-09,-0.010782250441269792
2010-06-10,0.007157845566082122
2010-06-11,-0.014537051979771731
2010-06-14,0.003933732062066486
2010-06-15,0.010775375729694225
2010-06-16,-0.011629726343026614
2010-06-17,0.009315132023470785
2010-06-18,-0.007448038334881724
2010-06-21,-0.0032627448214251897
2010-06-22,-0.006219121354798629
2010-06-23,0.01086968827240864
2010-06-24,-0.0083090467490744
2010-06-25,-0.01774276724582491
2010-06-28,0.013881630029797032
2010-06-29,-0.004948628376083342
2010-06-30,-0.0056365638161015585
2010-07-01,-0.007335658083742258
2010-07-02,-0.0026874409178104797
2010-07-06,-0.0006735602164336107
2010-07-07,0.02494117850968225
2010-07-08,0.01857915133466803
2010-07-09,-0.0032283418479688297
2010-07-12,0.005505947752641571
2010-07-13,0.004831382902751091
2010-07-14,0.004328237534039214
2010-07-15,0.0011169027066111337
2010-07-16,-0.011796498275320477
2010-07-19,-0.0020973684488979627
2010-07-20,0.003395229865332583
2010-07-21,-0.007761596594971332
2010-07-22,0.004254561757560449
2010-07-23,0.008799457763968732
2010-07-26,0.009852767755275549
2010-07-27,0.008956978985011244
2010-07-28,-0.006023851745563302
2010-07-29,-0.016427989190007986
2010-07-30,-0.00826908124987391
2010-08-02,0.014715290725574981
2010-08-03,-0.03416072439988582
2010-08-04,-0.006506109831202034
2010-08-05,0.005205381070878978
2010-08-06,0.0026729320960432457
2010-08-09,0.005998021421529831
2010-08-10,0.006624780862683144
2010-08-11,-0.008390760731524227
2010-08-12,-0.0046457660611398666
2010-08-13,-0.0028338677881900587
2010-08-16,-0.0008357517213334331
2010-08-17,0.008700063835777483
2010-08-18,0.007629544650604947
2010-08-19,-0.009218119157093252
2010-08-20,-0.0034889779248812314
2010-08-23,0.0008336092354492841
2010-08-24,-0.0061634662513339045
2010-08-25,0.00016756371435699968
2010-08-26,-0.0021785741460393915
2010-08-27,0.004366573939022622
2010-08-30,-0.007190723655649767
2010-08-31,0.005053309206729306
2010-09-01,0.0021784868878929053
2010-09-02,0.004515109600918166
2010-09-03,0.0036627147392955806
2010-09-07,-0.0024881409352943695
2010-09-08,0.003824244403951793
2010-09-09,-0.001324830704816704
2010-09-10,0.0018241991245087075
2010-09-13,0.0013244312656464086
2010-09-14,0.0026457032933118185
2010-09-15,0.007750537562764226
2010-09-16,0.0
2010-09-17,-0.002290911315455779
2010-09-20,0.007545051949944037
2010-09-21,0.0014646205149599911
2010-09-22,0.0043887051292879065
2010-09-23,-0.009224419846178722
2010-09-24,0.006860128510573604
2010-09-27,-0.00973358007413716
2010-09-28,-0.006880784811741925
2010-09-29,-0.006103907459313995
2010-09-30,-0.004647050893391125
2010-10-01,0.0031681215947467756
2010-10-04,-0.0033244604891868867
2010-10-05,0.014342810281119833
2010-10-06,0.0008220105700527114
2010-10-07,-0.0011497156247987084
2010-10-08,0.017434117340379807
2010-10-11,0.0045264403861706715
2010-10-12,-0.0019311018843723993
2010-10-13,0.009835462771972558
2010-10-14,0.0027146636897976695
2010-10-15,-0.0006372394581060092
2010-10-18,0.009401168801582704
2010-10-19,-0.002683891791860793
2010-10-20,0.01071806070323511
2010-10-21,0.0022094780558583604
2010-10-22,-0.0017322493459521748
2010-10-25,0.0022081065889414386
2010-10-26,-0.010701668288291777
2010-10-27,0.003499912417936457
2010-10-28,0.0017438938323333097
2010-10-29,0.006013687117536692
2010-11-01,0.0007862216065532834
2010-11-02,0.006287268066941687
2010-11-03,0.0045296158248504526
2010-11-04,0.01072988666482888
2010-11-05,0.0
2010-11-08,-0.0038465314324710453
2010-11-09,0.0009267833197514896
2010-11-10,-0.0037031426765089526
2010-11-11,-0.0032522235303917846
2010-11-12,-0.0004660390032497075
2010-11-15,-0.0006221569811458716
2010-11-16,-0.013065312982419641
2010-11-17,-0.0028370699067087335
2010-11-18,0.011853736568895767
2010-11-19,0.00046875628014775295
2010-11-22,-0.007650587179359292
2010-11-23,-0.014946259329878697
2010-11-24,-0.00015985345968438924
2010-11-26,-0.007507628094498786
2010-11-29,0.0
2010-11-30,-0.017061150307627337
2010-12-01,0.017684716068681494
2010-12-02,0.003378775245726384
2010-12-03,-0.0004811514890590285
2010-12-06,-0.004331453200849489
2010-12-07,0.0014500987685692746
2010-12-08,0.00772327114926985
2010-12-09,0.003831957193091373
2010-12-10,0.0052489922268594835
2010-12-13,-0.00015819761653834696
2010-12-14,0.005696914748329451
2010-12-15,0.001416343876585291
2010-12-16,0.013513367589822911
2010-12-17,0.004806245355232441
2010-12-20,0.0024687617843393017
2010-12-21,-0.0015390370806775966
2010-12-22,0.0012332390051124076
2010-12-23,0.004464676731772643
2010-12-27,-0.0087367298337786
2010-12-28,0.0013915747765507192
2010-12-29,-0.005558962881178853
2010-12-30,-0.0018634796185427183
2010-12-31,0.0007781003964935085
2011-01-03,0.006839469844502455
2011-01-04,0.0027793318227828934
2011-01-05,-0.0023095843853894182
2011-01-06,-0.0016976851089549605
2011-01-07,-0.002937003350824363
2011-01-10,-0.002170448716680373
2011-01-11,-0.004972286936481218
2011-01-12,0.014522389032720628
2011-01-13,0.00784978896296007
2011-01-14,0.0007636039391452076
2011-01-18,-0.00045771815710760055
2011-01-19,0.005105993118698748
2011-01-20,0.006886135502074842
2011-01-21,0.0016719751553067042
2011-01-24,0.01016521578623486
2011-01-25,0.0018022963486397092
2011-01-26,-0.008845937976008966
2011-01-27,-0.029193359750030567
2011-01-28,0.0003115888433773417
2011-01-31,-0.016666687970712912
2011-02-01,-0.0033264644031586466
2011-02-02,-0.002066252459727358
2011-02-03,0.001752125749207245
2011-02-04,0.011287519400716928
2011-02-07,0.014777600236862254
2011-02-08,0.001394232041306731
2011-02-09,-0.003867580419536054
2011-02-10,0.002950958270867554
2011-02-11,0.002322799106746487
2011-02-14,-0.0029356157325042265
2011-02-15,-0.009606172286949155
2011-02-16,-0.0025030906489523774
2011-02-17,0.0037641784134012646
2011-02-18,0.0046873777867819655
2011-02-22,-0.003577102777273966
2011-02-23,0.0012487354742141132
2011-02-24,-0.01714731940263381
2011-02-25,-0.003330684935540784
2011-02-28,0.003341815469984022
2011-03-01,-0.00491671375998981
2011-03-02,-0.0052599111581695945
2011-03-03,0.002243144909708894
2011-03-04,-0.008313080609625878
2011-03-07,-0.005158963087529389
2011-03-08,0.005509693390063353
2011-03-09,-0.0008059186666881102
2011-03-10,-0.00822584254372738
2011-03-11,0.0
2011-03-14,-0.0022767065519185836
2011-03-15,-0.011246987630495586
2011-03-16,-0.015331382483597
2011-03-17,0.01171956005237651
2011-03-18,0.002812986196651268
2011-03-21,0.011551055395706111
2011-03-22,-0.0060355949159969224
2011-03-23,-0.0003282089580758374
2011-03-24,0.0037759369362451167
2011-03-25,-0.004252648992455921
2011-03-28,-0.0036136013552290347
2011-03-29,0.010220865287453362
2011-03-30,0.011259668568401215
2011-03-31,-0.005970174453837518
2011-04-01,0.007791921240672517
2011-04-04,0.0028995749531781634
2011-04-05,-0.009476610764746374
2011-04-06,0.0014595926131473203
2011-04-07,0.005990805262454657
2011-04-08,-0.0037018750261585964
2011-04-11,0.004684910149752142
2011-04-12,0.011256061608098555
2011-04-13,0.0015901453721369752
2011-04-14,0.004921152291253339
2011-04-15,0.013902208673224115
2011-04-18,-0.0028044594205278717
2011-04-19,-0.002187656673338534
2011-04-20,-0.002192292376756222
2011-04-21,-0.007062124836943351
2011-04-25,0.001580270724516053
2011-04-26,0.007259119628695521
2011-04-27,0.011294455849252039
2011-04-28,0.007497772852220752
2011-04-29,0.006201671802326336
2011-05-02,0.004314264764839093
2011-05-03,0.008131173251272994
2011-05-04,0.011565866396074487
2011-05-05,-0.008876163261651526
2011-05-06,-0.009259409394824836
2011-05-09,-0.0019912967760101763
2011-05-10,0.009057233972205925
2011-05-11,0.0028907802189033216
2011-05-12,0.013956189171722588
2011-05-13,0.0002991632030020508
2011-05-16,0.0011967514095494458
2011-05-17,0.007170253667917903
2011-05-18,-0.0005933301363120203
2011-05-19,0.0011874402656169014
2011-05-20,-0.001482219436792831
2011-05-23,-0.00460225225211619
2011-05-24,-0.0005965283461348836
2011-05-25,-0.009401745410544948
2011-05-26,-0.002861937329342812
2011-05-27,0.00015093521812792332
2011-05-31,0.012084521109261726
2011-06-01,-0.008955133907540436
2011-06-02,-0.005873526361193759
2011-06-03,-0.008786515214015855
2011-06-06,0.0010697518642137638
2011-06-07,-0.00671779006746831
2011-06-08,-0.0032275078744781194
2011-06-09,0.0024674529488091235
2011-06-10,-0.004769006131422837
2011-06-13,0.0010820579337733616
2011-06-14,-0.00015432286621153146
2011-06-15,-0.015441502213480729
2011-06-16,0.007841960580296403
2011-06-17,0.006691317862691948
2011-06-20,0.00618322196551202
2011-06-21,-0.013365945730337225
2011-06-22,-0.0024914213331377333
2011-06-23,-0.009366363578324877
2011-06-24,-0.013709175726881906
2011-06-27,0.0036745141039640217
2011-06-28,-0.0015917799440747782
2011-06-29,-0.002710534816637633
2011-06-30,0.016307004088441213
2011-07-01,0.011011400289298257
2011-07-05,-0.0001552860167395309
2011-07-06,0.006846786315103159
2011-07-07,0.003864290452872954
2011-07-08,-0.000308103586399322
2011-07-11,-0.0032342828339757546
2011-07-12,-0.002935657379050771
2011-07-13,0.0017046533054430046
2011-07-14,-0.0006186115919517565
2011-07-15,0.0035601042802198
2011-07-18,-0.0043189243646840625
2011-07-19,0.0009294869673239781
2011-07-20,0.0017945783327457665
2011-07-21,0.004516917713508262
2011-07-22,-0.003721289389807092
2011-07-25,-0.01463049191180199
2011-07-26,-0.0034746611926408377
2011-07-27,-0.014107050118254527
2011-07-28,-0.004501384086581517
2011-07-29,-0.006944636269093807
2011-08-01,-0.0009756085553239702
2011-08-02,-0.0091160231204378
2011-08-03,-0.0023004075467093488
2011-08-04,-0.018936029525205234
2011-08-05,0.016951901161050165
2011-08-08,-0.021455780449225692
2011-08-09,0.015685768930473243
2011-08-10,-0.02839583791348732
2011-08-11,0.033156954536455174
2011-08-12,0.011414188348171539
2011-08-15,0.01210325620883368
2011-08-16,-0.004201699171972106
2011-08-17,0.0008114284497786617
2011-08-18,-0.013134483193077973
2011-08-19,0.0016434543114893785
2011-08-22,0.012303034988100592
2011-08-23,0.021228334533847537
2011-08-24,0.004601493085431008
2011-08-25,-0.012320303832025314
2011-08-26,0.0006398571625796379
2011-08-29,0.00831080817922536
2011-08-30,0.0064983598554939626
2011-08-31,0.002834737737695381
2011-09-01,-0.006595426897073597
2011-09-02,-0.01122365006821624
2011-09-06,-0.002717676472118402
2011-09-07,0.005450245610867821
2011-09-08,0.0030295917126215155
2011-09-09,-0.01700841682968135
2011-09-12,-0.0001619530840273331
2011-09-13,0.0017791612343753815
2011-09-14,0.0064580537669916005
2011-09-15,0.0070579364920067
2011-09-16,0.02468941830637794
2011-09-19,-0.008083355248106439
2011-09-20,0.004231171968691383
2011-09-21,-0.016541582015147438
2011-09-22,-0.029355964699922965
2011-09-23,0.0013080839074088857
2011-09-26,0.021060983472489747
2011-09-27,0.011512763673993565
2011-09-28,-0.008378397390732428
2011-09-29,0.01546332756080604
2011-09-30,-0.008163380074192372
2011-10-03,-0.005381314175920915
2011-10-04,0.008434074673335568
2011-10-05,-0.00047341220405072715
2011-10-06,0.00426248889491454
2011-10-07,0.004716419918264103
2011-10-10,0.0139260526603735
2011-10-11,-0.003549631224234684
2011-10-12,0.00495596206729676
2011-10-13,-0.0036984274024810526
2011-10-14,0.0037121565439655058
2011-10-17,-0.009708702384282786
2011-10-18,0.010270897845579219
2011-10-19,0.005512746083224718
2011-10-20,0.005250879520000806
2011-10-21,0.01797529886108351
2011-10-24,-0.013432131812206372
2011-10-25,-0.013155582871628213
2011-10-26,0.0068203663750467936
2011-10-27,0.004773160086099626
2011-10-28,-0.008121438679391746
2011-10-31,-0.011432324098880842
2011-11-01,-0.020002953192678197
2011-11-02,0.0023919426042311454
2011-11-03,0.005567669049318935
2011-11-04,-0.002847516350555246
2011-11-07,0.0068221915558894786
2011-11-08,0.011818368722851913
2011-11-09,-0.023205159171920564
2011-11-10,0.008290753021209962
2011-11-11,0.010278405093136822
2011-11-14,-0.01314739413042898
2011-11-15,0.008088765359367311
2011-11-16,-0.004405427518197835
2011-11-17,-0.005372937814712153
2011-11-18,0.004766324999069704
2011-11-21,-0.024983976716600353
2011-11-22,0.00048642135273668785
2011-11-23,-0.010212153615595243
2011-11-25,-0.0009828119782576694
2011-11-28,0.02032790166970022
2011-11-29,0.0046593547405593405
2011-11-30,0.03262429216470175
2011-12-01,-0.007588714169077249
2011-12-02,0.009051132195951661
2011-12-05,0.0027838157726496338
2011-12-06,0.0
2011-12-07,0.006014972364547955
2011-12-08,-0.011651126333087625
2011-12-09,0.0077558945675901825
2011-12-12,-0.010158770018606544
2011-12-13,0.0065309977257772545
2011-12-14,-0.004325798583395657
2011-12-15,0.008378424171681553
2011-12-16,0.0023083363160381065
2011-12-19,-0.0029169591283065843
2011-12-20,0.01293290137105263
2011-12-21,0.0031919632601309367
2011-12-22,0.002879178609848765
2011-12-23,0.0072515308951266455
2011-12-27,0.0018000751557649686
2011-12-28,-0.0037430934403624994
2011-12-29,0.0064622435597936345
2011-12-30,-0.00388264134395766
2012-01-03,0.0017989211424511709
2012-01-04,-0.000448716772624036
2012-01-05,-0.004191901146891608
2012-01-06,-0.002404961114428561
2012-01-09,0.00421931827394606
2012-01-10,-0.004651811789896931
2012-01-11,-0.009799279146323392
2012-01-12,0.0019793729783470493
2012-01-13,0.0
2012-01-17,0.00683773098207352
2012-01-18,0.004487473134867859
2012-01-19,0.0007572659863128717
2012-01-20,0.0022700789053970993
2012-01-23,-0.018571616413940006
2012-01-24,-0.007692197816526192
2012-01-25,0.007441611706193951
2012-01-26,-0.0027700102928884807
2012-01-27,-0.0077159396553203585
2012-01-30,-0.016952107682043915
2012-01-31,-0.0026894604725501425
2012-02-01,0.0026967131760429197
2012-02-02,0.0017402160271422495
2012-02-03,-0.008685807859012185
2012-02-06,0.011788909841044859
2012-02-07,0.0029918066556480216
2012-02-08,-0.0009418644239007623
2012-02-09,0.006285093808697795
2012-02-10,-0.002498149181728637
2012-02-13,0.005479115820945957
2012-02-14,0.003891974272727472
2012-02-15,0.0010855495095816181
2012-02-16,0.010069479671248605
2012-02-17,-0.004447462352030196
2012-02-21,-0.0075489657422807
2012-02-22,0.0003106000075376869
2012-02-23,0.030726061350111022
2012-02-24,0.004366144036033637
2012-02-27,-0.000149968923313204
2012-02-28,0.010344867115047895
2012-02-29,0.0034130804248055924
2012-03-01,-0.014197099109050426
2012-03-02,0.00015023038056027893
2012-03-05,0.00419971219974169
2012-03-06,-0.0016430769144060164
2012-03-07,-0.003889825372349054
2012-03-08,0.004806063564066543
2012-03-09,0.00044870325797452537
2012-03-12,0.011653708375771288
2012-03-13,0.0028061539309875982
2012-03-14,-0.0007364105167991797
2012-03-15,-0.0025056116671453577
2012-03-16,-0.006353086721885948
2012-03-19,-0.0005950587092600212
2012-03-20,0.0
2012-03-21,-0.00014877938115753775
2012-03-22,0.004761870282903091
2012-03-23,-0.0013326461390286148
2012-03-26,0.00044466088845585006
2012-03-27,-0.0045949213136652345
2012-03-28,0.0005953532721472143
2012-03-29,-0.0026790474547201404
2012-03-30,0.0029846167980831506
2012-04-02,0.005207721576009572
2012-04-03,-0.0069569918186669355
2012-04-04,0.002533921542566153
2012-04-05,0.0007437868405535397
2012-04-09,-0.007428652188306462
2012-04-10,-0.006885123635411827
2012-04-11,0.0013565945130096235
2012-04-12,-0.0052680746500884945
2012-04-13,-0.004236493917209705
2012-04-16,0.014739359555181686
2012-04-17,0.003593993792516903
2012-04-18,-0.004028800705971669
2012-04-19,-0.0026967813197908974
2012-04-20,0.014120684947455331
2012-04-23,-0.012739195460728547
2012-04-24,0.005251552626148737
2012-04-25,0.006803573033719479
2012-04-26,-0.0002991240170824305
2012-04-27,-0.036339202110044266
2012-04-30,-0.012414597166029773
2012-05-01,-0.00110001273381366
2012-05-02,0.006449429387170635
2012-05-03,0.008284091057746412
2012-05-04,-0.00356531107102509
2012-05-07,-0.00046682773436212965
2012-05-08,-0.0014008307820783106
2012-05-09,-0.007637145721338334
2012-05-10,0.00738182347370997
2012-05-11,-0.007171833705998831
2012-05-14,-0.0015703935965175608
2012-05-15,0.0022019471078924546
2012-05-16,0.008945593886664938
2012-05-17,-0.005133157694540591
2012-05-18,-0.006879344332001769
2012-05-21,-0.00204660762288289
2012-05-22,-0.003786125095754045
2012-05-23,-0.012034987995729218
2012-05-24,0.00288542362737787
2012-05-25,-0.0012787907920452923
2012-05-29,0.0073612803147402595
2012-05-30,-0.010007771743342775
2012-05-31,-0.0004814307483514968
2012-06-01,-0.011880247634980301
2012-06-04,-0.002436788596750894
2012-06-05,-0.003745979949381084
2012-06-06,0.01029915121865077
2012-06-07,0.015533901226379099
2012-06-08,-0.00015924728593208481
2012-06-11,-0.003346530210020182
2012-06-12,0.0035175745291171623
2012-06-13,-0.0030271889245473416
2012-06-14,0.009749009373838602
2012-06-15,-0.004748542404685474
2012-06-18,-0.009382670926975867
2012-06-19,-0.0012845390799199885
2012-06-20,-0.02925554836168498
2012-06-21,-0.010597589729278822
2012-06-22,0.0013385684033586642
2012-06-25,-0.008691079787481293
2012-06-26,-0.0006746230179680568
2012-06-27,0.011979132791260394
2012-06-28,0.005168428670784042
2012-06-29,0.015923119305027544
2012-07-02,-0.0009796821257848087
2012-07-03,0.002778193039238097
2012-07-05,-0.00016296091722201034
2012-07-06,-0.0011410728444083418
2012-07-09,0.004405849796185635
2012-07-10,0.002924802226897061
2012-07-11,-0.00534595496266832
2012-07-12,0.037459318386726004
2012-07-13,0.021820858838805357
2012-07-16,-0.004301578876865109
2012-07-17,0.008331904547428604
2012-07-18,0.0004940657490162259
2012-07-19,0.0015426094466943763
2012-07-20,-0.0029264887000048923
2012-07-23,-0.005252661865708053
2012-07-24,-0.005746362302359365
2012-07-25,0.0
2012-07-26,0.008434841453982989
2012-07-27,0.008209453137846712
2012-07-30,0.00015357608052535276
2012-07-31,-0.00860216392059121
2012-08-01,-0.008211770537197016
2012-08-02,-0.007811184030678375
2012-08-03,0.031333626607667586
2012-08-06,0.004732845224515003
2012-08-07,0.006229805938237076
2012-08-08,0.0075508663720285085
2012-08-09,0.00014989726660252778
2012-08-10,0.000599060331080592
2012-08-13,-0.004343109130156675
2012-08-14,0.0037607407650510627
2012-08-15,-0.0013490926430343997
2012-08-16,0.005402342216164424
2012-08-17,0.0
2012-08-20,-0.0037313343131737398
2012-08-21,0.00029944047408547725
2012-08-22,0.0011982074623375638
2012-08-23,-0.0025427146861650707
2012-08-24,0.005098759132364128
2012-08-27,0.0013428911976283153
2012-08-28,-0.0017881688332195278
2012-08-29,-0.0017910078016419861
2012-08-30,0.00014919605661090074
2012-08-31,0.004635189048599608
2012-09-04,0.0031256061282975978
2012-09-05,-0.001632089854233687
2012-09-06,0.01411816607971228
2012-09-07,0.004102777142381386
2012-09-10,-0.0001458883353014917
2012-09-11,-0.0036489517091873314
2012-09-12,-0.0023438188802483717
2012-09-13,0.011894346159296187
2012-09-14,0.0036277693464858984
2012-09-17,0.0013011971903400532
2012-09-18,-0.0004330512861284719
2012-09-19,0.0005776518677222953
2012-09-20,0.0043317906228610426
2012-09-21,-0.002012881571959002
2012-09-24,0.004897653546047653
2012-09-25,-0.00243678676915815
2012-09-26,-0.00416711234306788
2012-09-27,0.0
2012-09-28,0.0008656887832272364
2012-10-01,0.0012974452074470122
2012-10-02,-0.00950327686963881
2012-10-03,0.005524338536790019
2012-10-04,0.003035922793017898
2012-10-05,0.0036033350001956066
2012-10-08,-0.007611693372376549
2012-10-09,-0.005788810964157176
2012-10-10,-0.008151324041311803
2012-10-11,-0.0020544710981524883
2012-10-12,-0.000882525865831818
2012-10-15,0.011333465715393398
2012-10-16,0.004220553976390873
2012-10-17,0.0150796432632605
2012-10-18,0.0
2012-10-19,-0.012955370055070303
2012-10-22,-0.0010210577811247123
2012-10-23,-0.0154740724988075
2012-10-24,0.009489865784984008
2012-10-25,0.02923022889691773
2012-10-26,-0.008990932583240241
2012-10-31,-0.002880338908676894
2012-11-01,0.00014438401757721486
2012-11-02,-0.0008663887716350294
2012-11-05,-0.007515493664937756
2012-11-06,0.003786131509695867
2012-11-07,-0.012621484758187251
2012-11-08,-0.016896734385862033
2012-11-09,0.0014945528699525923
2012-11-12,0.0010443945719225134
2012-11-13,-0.0034287030685983266
2012-11-14,-0.004786848062709348
2012-11-15,-0.0031563717471837505
2012-11-16,0.007539098699648195
2012-11-19,0.01646237287320207
2012-11-20,0.0055948612781897555
2012-11-21,0.002488947030948596
2012-11-23,0.016357460266103185
2012-11-26,-0.0015808623547098888
2012-11-27,-0.00705233084087753
2012-11-28,0.006522930850968223
2012-11-29,0.0008638088560417589
2012-11-30,0.00474858979003745
2012-12-03,-0.0035804187891981254
2012-12-04,-0.0038805716553160785
2012-12-05,0.001443010816678969
2012-12-06,0.007779872476268546
2012-12-07,0.004860889783542488
2012-12-10,-0.0009961409953792577
2012-12-11,0.006266233681173183
2012-12-12,0.0014150295417305614
2012-12-13,-0.008903396170854783
2012-12-14,-0.0028517928548129623
2012-12-17,0.0
2012-12-18,0.0005719066916336502
2012-12-19,-0.009003852161413639
2012-12-20,0.006922462678892405
2012-12-21,-0.01575474370927299
2012-12-24,-0.0029105876491609672
2012-12-26,-0.007588770284594926
2012-12-27,-0.00044112183919042813
2012-12-28,-0.012064194600924116
2012-12-31,0.011019989213024495
2013-01-02,0.022094469604585498
2013-01-03,-0.006341047866758931
2013-01-04,0.002030369816306221
2013-01-07,-0.006802324970307194
2013-01-08,-0.0016033500039120963
2013-01-09,0.0054004753045771015
2013-01-10,0.005662236199893922
2013-01-11,-0.0007214677434099759
2013-01-14,0.0059229924949690815
2013-01-15,0.003590356077886936
2013-01-16,0.0003174375542760455
2013-01-17,0.004759013435702952
2013-01-18,0.0038754084746566164
2013-01-22,0.00014295665536367963
2013-01-23,0.010579271350686259
2013-01-24,-0.0038194884604206836
2013-01-25,0.04018750650836944
2013-01-28,0.0070988787665835495
2013-01-29,0.016673357683121504
2013-01-30,0.001066686712531073
2013-01-31,0.0010655501043930204
2013-02-01,0.010111663676517724
2013-02-04,-0.008824794692522842
2013-02-05,0.005979802523117916
2013-02-06,0.005944827986963608
2013-02-07,0.0
2013-02-08,-0.005253013938583018
2013-02-11,0.0007920148069302524
2013-02-12,0.002242656681904487
2013-02-13,0.007633176714023193
2013-02-14,0.002873727603692311
2013-02-15,-0.0031258103645857016
2013-02-19,0.010974829149443366
2013-02-20,-0.003876965580278502
2013-02-21,-0.0005190444970847308
2013-02-22,-0.00064890879845525
2013-02-25,-0.013898097955414634
2013-02-26,0.002107584540112395
2013-02-27,0.00880655041669165
2013-02-28,-0.007426888206048199
2013-03-01,0.004069410062879308
2013-03-04,0.0024835214082157275
2013-03-05,0.004825411164186111
2013-03-06,0.0019470976558602082
2013-03-07,-0.003886254432407088
2013-03-08,0.003641192846458363
2013-03-11,0.0022025993148353518
2013-03-12,-0.0023267718454211828
2013-03-13,-0.004794831016588841
2013-03-14,0.007682241333318407
2013-03-15,-0.013567567752050147
2013-03-18,-0.002357618328655109
2013-03-19,0.012473869059055342
2013-03-20,0.006095200087538721
2013-03-21,-0.004769737626051818
2013-03-22,0.0007772249697453049
2013-03-25,-0.007636010197257237
2013-03-26,0.009390102699609937
2013-03-27,-0.004392738997693102
2013-03-28,0.0
2013-04-01,0.008305310572786162
2013-04-02,0.01621607155759075
2013-04-03,-0.010638224759661474
2013-04-04,0.005376337475982318
2013-04-05,-0.003947069295086814
2013-04-08,0.007158329718154777
2013-04-09,-0.006726632734641802
2013-04-10,0.012522304826212416
2013-04-11,0.0054264649725168645
2013-04-12,0.005146302874122544
2013-04-15,-0.0053696040471726825
2013-04-16,0.005649409238803971
2013-04-17,-0.012983538780077741
2013-04-18,0.010245553863810208
2013-04-19,0.019531473125464993
2013-04-22,-0.00036823728163037917
2013-04-23,0.01400501492193551
2013-04-24,-0.05880052377289169
2013-04-25,-0.007002180013775172
2013-04-26,0.006790159271021778
2013-04-29,0.007522647799884208
2013-04-30,-0.011715049779295716
2013-05-01,0.002866451372322887
2013-05-02,0.010001055747492549
2013-05-03,0.005530000872406182
2013-05-06,-0.0056277478582633655
2013-05-07,0.002443910632262014
2013-05-08,0.006415146157570328
2013-05-09,-0.002932384319143333
2013-05-10,0.007032660865678997
2013-05-13,-0.0021582870547810495
2013-05-14,0.011197480909524549
2013-05-15,0.015225578016052843
2013-05-16,-0.005949520075907655
2013-05-17,-0.0022443043851196887
2013-05-20,-0.011622092079044966
2013-05-21,-0.003666623789932766
2013-05-22,0.0002537907689612595
2013-05-23,-0.0015226606685226907
2013-05-24,0.04040637775326772
2013-05-28,-0.012456865703725062
2013-05-29,-0.024239340963015277
2013-05-30,0.002407986639066939
2013-05-31,-0.029460113606869176
2013-06-03,0.01172478619154993
2013-06-04,-0.003734139804401737
2013-06-05,-0.009176986877088122
2013-06-06,0.002087626327200498
2013-06-07,0.012105783070831322
2013-06-10,0.004115982561154308
2013-06-11,0.0006403791836158135
2013-06-12,-0.006656425855030679
2013-06-13,0.010696080421952914
2013-06-14,-0.005100429425388908
2013-06-17,0.011918493098753924
2013-06-18,0.0010135893300462495
2013-06-19,-0.018092235515110633
2013-06-20,-0.03040833870555093
2013-06-21,0.028969689329005455
2013-06-24,-0.010977415750281216
2013-06-25,0.0014364696326272242
2013-06-26,0.009258108669842446
2013-06-27,0.003488054962349718
2013-06-28,-0.008754550531670513
2013-07-01,0.013378209309835354
2013-07-02,0.005383010578984271
2013-07-03,0.0016573632693535068
2013-07-05,-0.002927350308073784
2013-07-08,0.005361327631752788
2013-07-09,0.010284503841541559
2013-07-10,0.0028902606824492416
2013-07-11,0.012155535269081863
2013-07-12,0.009657197751749447
2013-07-15,-0.0004904650438724012
2013-07-16,-0.006625521469866613
2013-07-17,-0.0034589098722827005
2013-07-18,0.0026223880545870326
2013-07-19,0.013325138566591566
2013-07-22,-0.0018438839495217296
2013-07-23,-0.0033240502750951917
2013-07-24,-0.008400503497111744
2013-07-25,0.001744181179796911
2013-07-26,-0.0002488021541511287
2013-07-29,-0.003731783862142013
2013-07-30,0.004370489207182748
2013-07-31,-0.001740494340863985
2013-08-01,0.0166873892910977
2013-08-02,-0.0042871629469678485
2013-08-05,0.0013533650767780792
2013-08-06,0.00417656581980097
2013-08-07,0.0026917135305466466
2013-08-08,0.002562323783228182
2013-08-09,-0.006450190718566562
2013-08-12,-0.0002450536034471762
2013-08-13,0.0004902273388702749
2013-08-14,-0.005021209211294564
2013-08-15,-0.009476824276734463
2013-08-16,-0.0072066347228891825
2013-08-19,-0.003880100753042015
2013-08-20,-0.0007535020843482121
2013-08-21,-0.0018864251404674404
2013-08-22,0.004913402956864044
2013-08-23,0.0030086298799181233
2013-08-26,-0.018372699997137643
2013-08-27,-0.00725758107942831
2013-08-28,-0.014364264284110861
2013-08-29,0.005985440866110192
2013-08-30,0.0075023781564358405
2013-09-03,-0.0017974757336522984
2013-09-04,-0.0033441107488074717
2013-09-05,-0.004516336570241752
2013-09-06,0.0001294904144275577
2013-09-09,0.013091374417675272
2013-09-10,-0.0026870810157498815
2013-09-11,0.004105068133811507
2013-09-12,-0.00012701645422297236
2013-09-13,0.01009410267074995
2013-09-16,0.014042012425468542
2013-09-17,-0.00411697439688663
2013-09-18,0.005887550907328176
2013-09-19,-0.002241932613560982
2013-09-20,-0.009111196497736174
2013-09-23,-0.0013858738377988677
2013-09-24,-0.008324216439535181
2013-09-25,-0.011447871552820454
2013-09-26,0.004246044717503672
2013-09-27,-0.010762201180817499
2013-09-30,-0.02098147624386726
2013-10-01,0.0075405027056056895
2013-10-02,-0.0030200826268362846
2013-10-03,-0.0011852944222736639
2013-10-04,0.0023733396324570055
2013-10-07,-0.004867025423472948
2013-10-08,0.008988600012021841
2013-10-09,0.008122779377922607
2013-10-10,0.012215684364632384
2013-10-11,0.007574633697797761
2013-10-14,0.0033130049916352267
2013-10-15,-0.014478114983959345
2013-10-16,0.01742886948513056
2013-10-17,0.013786305846585245
2013-10-18,-0.00012580231490444405
2013-10-21,-0.005540964802847492
2013-10-22,0.017854781664041086
2013-10-23,0.006593966060771228
2013-10-24,-0.0037079329385122373
2013-10-25,-0.007567177924901802
2013-10-28,0.01624969687124178
2013-10-29,0.014268090457281835
2013-10-30,-0.01139913861635422
2013-10-31,-0.00944564855796659
2013-11-01,0.004953629640190194
2013-11-04,0.0022183653247664914
2013-11-05,0.0012290558264982376
2013-11-06,0.01694718433905895
2013-11-07,-0.005917067168538015
2013-11-08,0.00230786446566289
2013-11-11,-0.003029665709091578
2013-11-12,0.006564494220822725
2013-11-13,0.008454054095739405
2013-11-14,0.009820058190271652
2013-11-15,0.006167472016909592
2013-11-18,-0.003182986528588949
2013-11-19,-0.0027195851547270333
2013-11-20,0.004150012358517197
2013-11-21,-0.00023616981785212765
2013-11-22,0.00330693669286819
2013-11-25,0.0054151704359926
2013-11-26,-0.00901511729118587
2013-11-27,-0.004253455301442388
2013-11-29,-0.0007117331459741694
2013-12-02,-0.010449235278495062
2013-12-03,0.0058797760222679685
2013-12-04,-0.0057258860186089056
2013-12-05,-0.007918560065162783
2013-12-06,0.02213095058022141
2013-12-09,0.003075937868854739
2013-12-10,-0.013328322544187254
2013-12-11,0.004422787452839749
2013-12-12,-0.02047111722474293
2013-12-13,0.0008504846016534895
2013-12-16,-0.00825559524429742
2013-12-17,-0.009547842783660387
2013-12-18,0.0181682795035647
2013-12-19,-0.005826555670758293
2013-12-20,-0.0007327599056160539
2013-12-23,-0.006476215915475869
2013-12-24,0.0
2013-12-26,0.005534712725023372
2013-12-27,0.003057226609988417
2013-12-30,-0.00012148581386905999
2013-12-31,-0.007195215923469056
2014-01-02,-0.010686721946951194
2014-01-03,-0.0011174087124068421
2014-01-06,0.002361625804225609
2014-01-07,0.009672627018658009
2014-01-08,-0.014493176503260763
2014-01-09,0.002243642068171736
2014-01-10,-0.0014921404865623211
2014-01-13,-0.003611326669650916
2014-01-14,0.010748606955469864
2014-01-15,-0.0009890700674514141
2014-01-16,-0.00284706004873303
2014-01-17,-0.00844119505538854
2014-01-21,0.003756216130369694
2014-01-22,-0.004373172720940066
2014-01-23,-0.012495837406724664
2014-01-24,0.012015013555558784
2014-01-27,-0.008967099253326283
2014-01-28,0.008155811511559197
2014-01-29,-0.018581580369427475
2014-01-30,-0.009917888697168364
2014-01-31,-0.003252150212143312
2014-02-03,-0.012007165570473877
2014-02-04,0.005151834520800147
2014-02-05,0.004731278437904107
2014-02-06,0.0058860657069181865
2014-02-07,0.005331825853886585
2014-02-10,0.009313230613665402
2014-02-11,0.010380646807607086
2014-02-12,-0.017123543524743434
2014-02-13,0.004000789935015625
2014-02-14,0.020565238594310253
2014-02-18,-0.018009990904448103
2014-02-19,0.002180463278521838
2014-02-20,-0.002815899710341463
2014-02-21,0.0006419882822636946
2014-02-24,-0.0014107508959956272
2014-02-25,0.0033393543775221968
2014-02-26,-0.003328240204027444
2014-02-27,0.004238471174667469
2014-02-28,0.006010689988544371
2014-03-03,-0.015001042043462087
2014-03-04,0.012519462236044943
2014-03-05,-0.008030776406196649
2014-03-06,0.0030841254574691668
2014-03-07,0.0040992651481155384
2014-03-10,0.0019136505327401743
2014-03-11,0.005348200932377756
2014-03-12,0.003673242112775865
2014-03-13,-0.0006308821765199646
2014-03-14,-0.0026516367628353077
2014-03-17,0.010888921273682017
2014-03-18,-0.0008771107593381622
2014-03-19,-0.012410551439734907
2014-03-20,-0.005838975495633281
2014-03-21,-0.005618142651297342
2014-03-24,0.01823369098902483
2014-03-25,0.006430854185120571
2014-03-26,-0.003884023690197358
2014-03-27,0.0018868077147751183
2014-03-28,0.0013810532089859606
2014-03-31,0.010531329153082636
2014-04-01,-0.003225602048400722
2014-04-02,-0.002613912188883738
2014-04-03,-0.00037462727726222944
2014-04-04,-0.0041198847004731975
2014-04-07,0.009026025530978199
2014-04-08,0.010684646161844391
2014-04-09,0.0017210875788755686
2014-04-10,-0.004908617597417009
2014-04-11,-0.004069700487973282
2014-04-14,0.0006192389200547765
2014-04-15,0.0003713595519327928
2014-04-16,0.010019642469698775
2014-04-17,0.0013473389314178075
2014-04-21,-0.0024464317285165516
2014-04-22,-0.0038010287596778047
2014-04-23,-0.003051484787138792
2014-04-24,0.009830582890215656
2014-04-25,0.003203982276182016
2014-04-28,0.018793730070297388
2014-04-29,-0.006028544706030536
2014-04-30,0.0013346177066086984
2014-05-01,-0.0025441542078898927
2014-05-02,-0.005100388564673319
2014-05-05,-0.0026860646303334956
2014-05-06,-0.006976616542416991
2014-05-07,0.011832846765489125
2014-05-08,0.0008528412894122095
2014-05-09,0.0027995317196047864
2014-05-12,-0.008010543366259615
2014-05-13,-0.0014686145021552965
2014-05-14,-0.00539140479471123
2014-05-15,-0.007884904227722034
2014-05-16,-0.002483285555909709
2014-05-19,-0.004979510722758151
2014-05-20,0.003753525183517681
2014-05-21,0.0032403756475594125
2014-05-22,0.001987822191171551
2014-05-23,-0.0016117508895067134
2014-05-27,-0.00546427255429105
2014-05-28,0.00024915813875403536
2014-05-29,0.003745329160031341
2014-05-30,0.0048510937098045215
2014-06-02,-0.00532241239511988
2014-06-03,-0.005351007104915095
2014-06-04,-0.0008758880917623113
2014-06-05,0.0031308148500792665
2014-06-06,-0.0009989139479780196
2014-06-09,0.0007495591083619413
2014-06-10,0.0007493440209422886
2014-06-11,-0.0011230013517544712
2014-06-12,-0.0037468534180451485
2014-06-13,-0.0015048881042316609
2014-06-16,0.0006280784988994537
2014-06-17,-0.0013804412887228334
2014-06-18,0.0026391048769704994
2014-06-19,0.005639180514032782
2014-06-20,-0.003863010336505379
2014-06-23,-0.005129821606627671
2014-06-24,-0.006413162441241016
2014-06-25,0.0039236148980579255
2014-06-26,-0.008824957322940419
2014-06-27,0.005087580569137273
2014-06-30,-0.005441397940236903
2014-07-01,0.00877928172336695
2014-07-02,0.0035318117293841045
2014-07-03,0.005279189115064309
2014-07-07,0.0026255594139750205
2014-07-08,0.004614288914672526
2014-07-09,0.013778596521390352
2014-07-10,-0.0007348468544513542
2014-07-11,-0.005513648338745347
2014-07-14,0.001971183558850509
2014-07-15,-0.0007377822508850551
2014-07-16,0.004018983730295522
2014-07-17,-0.006671946896406933
2014-07-18,0.0018661218173563476
2014-07-21,-0.0033521249103523054
2014-07-22,-0.0022421901252457355
2014-07-23,-0.0013732556178144284
2014-07-24,0.0033753639825786497
2014-07-25,-0.008721623922168464
2014-07-28,-0.0037707256750377782
2014-07-29,-0.007696139177192918
2014-07-30,-0.006230017678093502
2014-07-31,-0.010747403337740047
2014-08-01,0.030134566216372782
2014-08-04,-0.005398645749385533
2014-08-05,0.002398398906050314
2014-08-06,0.02115611213599977
2014-08-07,-0.01171556153613651
2014-08-08,0.010107597746704666
2014-08-11,0.006547272232408918
2014-08-12,-0.0007365768908935699
2014-08-13,0.0007371198363308462
2014-08-14,0.005767882253067569
2014-08-15,-0.0020742719649026187
2014-08-18,0.008070606336898045
2014-08-19,0.0030323860251666446
2014-08-20,0.0014512646623987546
2014-08-21,0.00567557811111441
2014-08-22,0.0013207084574904382
2014-08-25,0.0017989906512985154
2014-08-26,-0.0019152212380829647
2014-08-27,-0.0008398128033719754
2014-08-28,-0.003360643400865837
2014-08-29,0.0009633268537081463
2014-09-02,-0.0015642306916343607
2014-09-03,-0.0009637969820630587
2014-09-04,0.009650144637097124
2014-09-05,0.0008360540615417467
2014-09-08,-0.005371942408309849
2014-09-09,-0.003960444217074421
2014-09-10,0.007832351599904586
2014-09-11,-0.0017937227599467143
2014-09-12,-0.002754416283696881
2014-09-15,0.007326177622460461
2014-09-16,0.0025037351511270067
2014-09-17,0.0009516243615836917
2014-09-18,0.00035661522884344876
2014-09-19,0.003325842216754582
2014-09-22,0.004024996109764034
2014-09-23,-0.0043629588042162215
2014-09-24,0.00947436902807497
2014-09-25,-0.010675572967181246
2014-09-26,0.002964642053408406
2014-09-29,-0.0016556869544621655
2014-09-30,-0.008289774170922137
2014-10-01,-0.00716479107092427
2014-10-02,-0.0010825295268424018
2014-10-03,0.008910395063299159
2014-10-06,-0.00262577697206956
2014-10-07,-0.004906027263804846
2014-10-08,0.012265534070964756
2014-10-09,-0.0061772821462260374
2014-10-10,0.012311847209068194
2014-10-13,-0.015586046391733555
2014-10-14,0.0021587555023729887
2014-10-15,-0.007181412314047675
2014-10-16,-0.008559320712563157
2014-10-17,0.0125242071654883
2014-10-20,0.01092846575069939
2014-10-21,0.005107908753922752
2014-10-22,0.003144224537722229
2014-10-23,-0.011872303437820642
2014-10-24,0.02318906835124057
2014-10-27,0.009276260755034516
2014-10-28,0.006050198847319832
2014-10-29,0.0008092178620393575
2014-10-30,0.004622286586607016
2014-10-31,0.003795547803893795
2014-11-03,0.0012606420784093686
2014-11-04,0.014419855522256775
2014-11-05,0.004061027242206583
2014-11-06,-0.0011231198532836162
2014-11-07,0.002586868570202183
2014-11-10,0.0035905588432103563
2014-11-11,0.002459327774243736
2014-11-12,-0.00211870342781062
2014-11-13,-0.009834826471915248
2014-11-14,-0.005530401902173021
2014-11-17,-0.003064323836247107
2014-11-18,0.0012523576915954848
2014-11-19,0.008868663709893365
2014-11-20,-0.002930268173448769
2014-11-21,0.0014692856030897872
2014-11-24,-0.005530401902173021
2014-11-25,0.007831325301204783
2014-11-26,0.0009009495694785041
2014-11-28,0.01743907140191392
2014-12-01,-0.0038704178078275975
2014-12-02,0.010990232498824248
2014-12-03,-0.011749253046287711
2014-12-04,0.00644486966790736
2014-12-05,-0.002208362937288544
2014-12-08,0.004204622193842544
2014-12-09,-0.0005511212886067929
2014-12-10,-0.007827126847964272
2014-12-11,0.004555739308101714
2014-12-12,-0.009512459157812292
2014-12-15,-0.0039082492541666625
2014-12-16,0.0017937169392823193
2014-12-17,0.01499554538340564
2014-12-18,0.014332812457660049
2014-12-19,0.0005435943041132152
2014-12-22,0.0059749042156203025
2014-12-23,0.0074514023590159795
2014-12-24,-0.0016078423834394728
2014-12-26,0.0034356788514977588
2014-12-29,-0.008773868378630811
2014-12-30,-0.002590519312457018
2014-12-31,-0.014177480157615996
2015-01-02,-0.007135723446596631
2015-01-05,-0.004754601412239157
2015-01-06,-0.004555131379466948
2015-01-07,0.0052455784720069065
2015-01-08,0.01143552458973307
2015-01-09,-0.009330399127412181
2015-01-12,-0.00365644284150346
2015-01-13,0.004226131171126468
2015-01-14,-0.0034332491704426316
2015-01-15,-0.0014445693911717683
2015-01-16,0.015468545976330406
2015-01-20,-0.0006576945019513003
2015-01-21,0.002032179063344852
2015-01-22,0.009809252198805796
2015-01-23,-0.01680842464314858
2015-01-26,-0.005550626704375228
2015-01-27,-0.034494194951983914
2015-01-28,-0.015493141289652623
2015-01-29,0.006106794547989347
2015-01-30,-0.016108290589426533
2015-02-02,0.00984701472891647
2015-02-03,0.009750571781319106
2015-02-04,-0.0018613308515588178
2015-02-05,0.010607140505445534
2015-02-06,-0.01257205776630932
2015-02-09,-0.006541163796311755
2015-02-10,0.003997660724994523
2015-02-11,0.00292758725444231
2015-02-12,0.004553970711221211
2015-02-13,-0.0015112137544825988
2015-02-17,-0.004772936447584697
2015-02-18,0.009007306919371016
2015-02-19,-0.012172835338179033
2015-02-20,-0.003989942565617355
2015-02-23,0.006126942112639089
2015-02-24,0.001288189199745604
2015-02-25,-0.0004677817314584498
2015-02-26,-0.0033936128751475003
2015-02-27,-0.0004693820287915429
2015-03-02,0.003288915927571079
2015-03-03,-0.0029270077766402336
2015-03-04,-0.009511752537141316
2015-03-05,0.0033197589791331694
2015-03-06,-0.023277621048595654
2015-03-09,0.005201671235482985
2015-03-10,-0.018654176739203443
2015-03-11,-0.0018396227199392046
2015-03-12,0.008600617069593586
2015-03-13,-0.0031674914608315063
2015-03-16,0.02114133122910067
2015-03-17,-0.008496900074971059
2015-03-18,0.010863104913756194
2015-03-19,-0.004417908501937684
2015-03-20,0.016311025695754378
2015-03-23,0.0014161444520672806
2015-03-24,-0.011077000485582023
2015-03-25,-0.01084360628963632
2015-03-26,-0.01036034849098233
2015-03-27,0.001947649573589949
2015-03-30,0.004980889696995838
2015-03-31,-0.009429122598261674
2015-04-01,0.00463760538382707
2015-04-02,0.0013360104781519055
2015-04-06,0.007400206208830973
2015-04-07,-0.007827376060831281
2015-04-08,0.00461216590676683
2015-04-09,0.0014496316079313232
2015-04-10,0.0055496951511400106
2015-04-13,0.0009599130049018356
2015-04-14,0.002037479791227481
2015-04-15,-0.0010766187554381856
2015-04-16,-0.00011959689892271363
2015-04-17,-0.011616899926555457
2015-04-20,0.004120055481661611
2015-04-21,0.002533875257469509
2015-04-22,0.00012010709113785545
2015-04-23,-0.017918609152867027
2015-04-24,0.0006177326829104324
2015-04-27,-0.004938589206657573
2015-04-28,-0.0022332503443043272
2015-04-29,-0.007087806811523878
2015-04-30,-0.004257821070903001
2015-05-01,0.009810234499258774
2015-05-04,0.0007473279841831992
2015-05-05,-0.0034848890128297283
2015-05-06,0.004121261827505274
2015-05-07,-0.002487499769985746
2015-05-08,0.009476070850005458
2015-05-11,-0.008522597958709688
2015-05-12,-0.003986557251649203
2015-05-13,-0.003126960167874726
2015-05-14,0.010916027142128248
2015-05-15,0.005957625340885286
2015-05-18,-0.003825173306558516
2015-05-19,0.001114966853057231
2015-05-20,-0.004329994524554737
2015-05-21,-0.0008697872647636107
2015-05-22,-0.0057208162711861466
2015-05-26,-0.01013149898162391
2015-05-27,0.003159418411412762
2015-05-28,-0.0007560259013976722
2015-05-29,-0.011849222944334548
2015-06-01,0.005868234213278756
2015-06-02,-0.003931444826726693
2015-06-03,0.00025446962946640284
2015-06-04,-0.005218895492433817
2015-06-05,-0.009213164266034357
2015-06-08,0.003616310487856156
2015-06-09,0.01531310308987388
2015-06-10,0.008111785817943806
2015-06-11,-0.0016344411550456295
2015-06-12,-0.006800262363258813
2015-06-15,-0.009508995762600558
2015-06-16,0.012544427271268477
2015-06-17,0.012389580958547475
2015-06-18,0.009240806360034215
2015-06-19,-0.003464623431189806
2015-06-22,-0.0011177352635122206
2015-06-23,-0.008203371023322692
2015-06-24,-0.003509347603414148
2015-06-25,-0.0015090933531327622
2015-06-26,-0.000630096878383335
2015-06-29,-0.012855797206681507
2015-06-30,-0.0010214246160127338
2015-07-01,0.018915905535416888
2015-07-02,0.0026343505272075074
2015-07-06,0.0015015001540201744
2015-07-07,0.020861907459203577
2015-07-08,-0.00893301707450933
2015-07-09,-0.004074778597348838
2015-07-10,0.0035955540299106303
2015-07-13,0.01185898326982282
2015-07-14,0.0015873690045649091
2015-07-15,0.001340802687026299
2015-07-16,0.0018256908881686407
2015-07-17,-0.0007289673155503884
2015-07-20,-0.0006078250580268119
2015-07-21,-0.006813853792385971
2015-07-22,-0.001691891257185163
2015-07-23,-0.0016081667053597926
2015-07-24,-0.00508056320072503
2015-07-27,-0.00398586912804566
2015-07-28,0.0032515898459382075
2015-07-29,0.00486080096023267
2015-07-30,-0.040064657495198275
2015-07-31,-0.008915730300278923
2015-08-03,-0.003911074707208528
2015-08-04,-0.006413947130888054
2015-08-05,-0.0018442020109429302
2015-08-06,-0.0003960252864609881
2015-08-07,-0.003432482993756425
2015-08-10,0.011923457049632713
2015-08-11,-0.0020947231722608928
2015-08-12,0.0022302715076105706
2015-08-13,-0.00798498516363999
2015-08-14,-0.0021114251797222927
2015-08-17,-0.0011903146189358171
2015-08-18,-0.005295741399674703
2015-08-19,-0.01344348484048552
2015-08-20,-0.0028331686391077637
2015-08-21,-0.028007154065398665
2015-08-24,-0.03758347528162331
2015-08-25,-0.010413645177784092
2015-08-26,0.0362467979099772
2015-08-27,0.008180558329127008
2015-08-28,-0.003777455778615879
2015-08-31,-0.007583370774869591
2015-09-01,-0.025045782843841957
2015-09-02,0.013207306546929365
2015-09-03,0.0017191522246264856
2015-09-04,-0.01673101231170837
2015-09-08,0.017742797693627077
2015-09-09,-0.021434368865867248
2015-09-10,-0.002336568910600967
2015-09-11,0.001463621199446985
2015-09-14,-0.005261842655559956
2015-09-15,0.02042347724742144
2015-09-16,0.009359161970448948
2015-09-17,0.0019969884999826437
2015-09-18,-0.0042709043045716655
2015-09-21,0.010151665893535888
2015-09-22,-0.006511108688586398
2015-09-23,0.00099718229480672
2015-09-24,0.015656304951780387
2015-09-25,0.018357461672279918
2015-09-28,-0.012384821072241148
2015-09-29,0.00710597977532168
2015-09-30,-0.0047036890023400835
2015-10-01,0.00013895396346397249
2015-10-02,0.006532153855548062
2015-10-05,0.011046754382302293
2015-10-06,0.0024584189827356884
2015-10-07,0.0043594745705999305
2015-10-08,0.009224464791517395
2015-10-09,0.0010751748586117493
2015-10-12,-0.002013944409713142
2015-10-13,-0.00295965017834654
2015-10-14,0.0013490925876291637
2015-10-15,0.0008085807107540699
2015-10-16,0.008482399857023148
2015-10-19,0.0034713341535821396
2015-10-20,-0.009712439929197125
2015-10-21,-0.0023995133940021285
2015-10-22,0.017122121494466347
2015-10-23,0.029124486066535837
2015-10-26,0.005971728007859722
2015-10-27,-0.0025808273047865926
2015-10-28,-0.010091943164066475
2015-10-29,0.0066658717527334765
2015-10-30,-0.008309523662384022
2015-11-02,0.00288017788370043
2015-11-03,0.005874531594939114
2015-11-04,0.0001297268060997947
2015-11-05,-0.008694228855300246
2015-11-06,-0.010734233874043153
2015-11-09,-0.0022497119626870843
2015-11-10,0.004907149121361032
2015-11-11,0.0025074942727807414
2015-11-12,-0.017113908375074538
2015-11-13,-0.00937640712220178
2015-11-16,0.01811847885817941
2015-11-17,-0.0030548135173127378
2015-11-18,0.011056599333976402
2015-11-19,0.004215779828105504
2015-11-20,-0.00524789115841362
2015-11-23,0.001978631937607389
2015-11-24,0.00631795875192287
2015-11-25,-0.0071939683931645515
2015-11-27,-0.0026351236868366046
2015-11-30,-0.01136070160648972
2015-12-01,0.014698398404564328
2015-12-02,-0.001975620510936027
2015-12-03,-0.0006596499389428523
2015-12-04,0.02759429142536085
2015-12-07,0.006938211704925257
2015-12-08,-0.007911301111604097
2015-12-09,-0.0006429075428439068
2015-12-10,0.0011581141785550475
2015-12-11,-0.00012849273041615206
2015-12-14,0.006557031132780722
2015-12-15,0.01775486485278477
2015-12-16,0.016440574656824358
2015-12-17,-0.008643242331405232
2015-12-18,-0.026902309707551808
2015-12-21,0.010495287781625784
2015-12-22,0.00823310641231978
2015-12-23,0.0040200417418172485
2015-12-24,-0.0016264375118009156
2015-12-28,0.0016290871202031543
2015-12-29,0.005505425355264215
2015-12-30,-0.003608653485246305
2015-12-31,-0.008242777414626978
2016-01-04,-0.0130967291642895
2016-01-05,0.0031901187746767867
2016-01-06,-0.009666834798856327
2016-01-07,-0.008733724313949032
2016-01-08,-0.015677353992834986
2016-01-11,0.009214028249237227
2016-01-12,-0.002086950403628829
2016-01-13,-0.008626313840085165
2016-01-14,0.003955001256782609
2016-01-15,-0.015364134833895315
2016-01-19,0.023339745997374983
2016-01-20,-0.0031157429047435903
2016-01-21,0.011736773256215915
2016-01-22,0.008341689563724941
2016-01-25,-0.006592255946070935
2016-01-26,0.025504070438362447
2016-01-27,-0.00012695343359148126
2016-01-28,0.012944351850927793
2016-01-29,0.023427631146095473
2016-02-01,-0.0069776964445325
2016-02-02,-0.011094412269971432
2016-02-03,0.01096976194330157
2016-02-04,-0.00493226844805994
2016-02-05,0.006195651750210196
2016-02-08,0.017488063309094137
2016-02-09,0.0002416691309514718
2016-02-10,-0.012342555180033798
2016-02-11,-0.021073090014349094
2016-02-12,0.013642035141418818
2016-02-16,0.00592639377714077
2016-02-17,0.012029110204295312
2016-02-18,-0.005700526907667647
2016-02-19,-0.0023174580740156214
2016-02-22,0.004156691245136734
2016-02-23,-0.0038959480353008002
2016-02-24,-0.003056167994926029
2016-02-25,0.00956345054755503
2016-02-26,-0.015059172062313775
2016-02-29,-0.009987797815458777
2016-03-01,0.011707771090742725
2016-03-02,0.016250102328925653
2016-03-03,0.0035129432805789396
2016-03-04,0.007846100277302703
2016-03-07,-0.004670613233327403
2016-03-08,-0.0004818082171960114
2016-03-09,-0.001203838733792706
2016-03-10,-0.008196665193101804
2016-03-11,-0.006441370392444301
2016-03-14,-0.0070949625306410136
2016-03-15,0.0017247032931164696
2016-03-16,0.00036915021834671435
2016-03-17,0.01733452649649414
2016-03-18,0.004833922037603244
2016-03-21,0.0020444050149819315
2016-03-22,-0.006960853705870962
2016-03-23,0.0009666475442315914
2016-03-24,0.0008451184806521628
2016-03-28,-0.003256914869336991
2016-03-29,0.002178512367325247
2016-03-30,-0.0014492900452253155
2016-03-31,-0.004475191718062876
2016-04-01,0.014822184006385797
2016-04-04,-0.003830962706565022
2016-04-05,-0.0006009916414591032
2016-04-06,0.007816118573413577
2016-04-07,-0.006800881260923375
2016-04-08,-0.0004808929807890161
2016-04-11,-0.005648826276090202
2016-04-12,0.001208851773542463
2016-04-13,-0.004467192953935384
2016-04-14,0.002689905711302343
2016-04-15,0.0035360900159435715
2016-04-18,0.006440031993748763
2016-04-19,0.005432700653579481
2016-04-20,-0.02077320538230243
2016-04-21,-0.009196761466299552
2016-04-22,0.0018563610346535864
2016-04-25,0.005682534808389761
2016-04-26,-0.02284763417552793
2016-04-27,0.004274423385384196
2016-04-28,-0.0016272226902909193
2016-04-29,0.004513207050178547
2016-05-02,0.010609384600739125
2016-05-03,0.0016055183847323296
2016-05-04,0.006165229958300378
2016-05-05,-0.0036765354107907156
2016-05-06,0.010208813687684337
2016-05-09,-0.0001215704239420079
2016-05-10,0.0043839276601802535
2016-05-11,-0.0040009986997148195
2016-05-12,0.0031651248815847133
2016-05-13,-0.01431875459532772
2016-05-16,0.004924269260677905
2016-05-17,-0.012372823426895496
2016-05-18,-0.009551298397767694
2016-05-19,0.004258255355952034
2016-05-20,-0.0021201537932930004
2016-05-23,0.002249542731618037
2016-05-24,0.009601102826749974
2016-05-25,0.0062984403810941725
2016-05-26,-0.003190938831474699
2016-05-27,0.0025855306537820866
2016-05-31,-0.004789240833589337
2016-06-01,0.009254638655947556
2016-06-02,0.001956073284875348
2016-06-03,0.006345488239197339
2016-06-06,0.0036375406979554104
2016-06-07,-0.0054363260002898706
2016-06-08,0.004008563562785783
2016-06-09,0.006291638968962676
2016-06-10,0.00036046321868332676
2016-06-13,-0.007572104428953952
2016-06-14,0.009446551434029393
2016-06-15,-0.004799021540744741
2016-06-16,0.005545628743691244
2016-06-17,-0.003356825396033658
2016-06-20,-0.001082744062345209
2016-06-21,0.004455700070953084
2016-06-22,0.0019180820301929469
2016-06-23,0.007658262407651328
2016-06-24,-0.02315618902761918
2016-06-27,-0.012521346556819357
2016-06-28,0.015141986600302637
2016-06-29,0.017584492012614916
2016-06-30,0.009057297188981073
2016-07-01,0.0012992048767883624
2016-07-05,0.0077846036453212974
2016-07-06,-0.004798490873960781
2016-07-07,-0.002352254523378172
2016-07-08,0.011080753830059464
2016-07-11,-0.00023262008633018194
2016-07-12,0.0
2016-07-13,0.0016325603199300875
2016-07-14,-0.0002329004358709863
2016-07-15,0.0016302791035402997
2016-07-18,-0.0009302013430934064
2016-07-19,0.0027927988173195306
2016-07-20,-0.0021050850744449567
2016-07-21,-0.0007031416704472715
2016-07-22,0.005395184750455639
2016-07-25,0.0009332142821312228
2016-07-26,-0.006176805417098197
2016-07-27,-0.009499488471239048
2016-07-28,0.004143797311627839
2016-07-29,0.009197230305533877
2016-08-01,0.009580727979789039
2016-08-02,0.0040500851070224275
2016-08-03,-0.009105397044911534
2016-08-04,0.0009305004585979937
2016-08-05,-0.0031375945388365523
2016-08-08,-0.00023339099267161156
2016-08-09,0.0026821160508807562
2016-08-10,0.0037213360366441517
2016-08-11,0.004866132532613809
2016-08-12,0.0035743660601805782
2016-08-15,-0.0002299136080103903
2016-08-16,-0.005056297810446364
2016-08-17,0.004388985689087743
2016-08-18,0.005519839072600563
2016-08-19,-0.0014867661876499794
2016-08-22,-0.005268705870857704
2016-08-23,0.006332843421545498
2016-08-24,-0.0010297102652125911
2016-08-25,0.0067575873265024455
2016-08-26,-0.0036404745237714753
2016-08-29,0.008221143295085387
2016-08-30,-0.00860717809591216
2016-08-31,-0.0026273823638542915
2016-09-01,0.011453532833204605
2016-09-02,-0.0012455117996905685
2016-09-06,0.004988357638751051
2016-09-07,-0.007784235588918942
2016-09-08,-0.00193272558308355
2016-09-09,-0.017543916368398027
2016-09-12,0.02330705102936559
2016-09-13,-0.013597684793859699
2016-09-14,-0.0004594780108504448
2016-09-15,0.01206745996251124
2016-09-16,-0.0001134787788823477
2016-09-19,0.003634174779887811
2016-09-20,0.002376349122364285
2016-09-21,-0.008805403666274247
2016-09-22,0.013553364843644777
2016-09-23,-0.013821685510027049
2016-09-26,0.0010256821320233644
2016-09-27,0.0058050686890545045
2016-09-28,0.012449141988211121
2016-09-29,-0.013749261602513552
2016-09-30,0.01722792004769791
2016-10-03,-0.012144896313048381
2016-10-04,-0.0034965570824001535
2016-10-05,0.005659402880531239
2016-10-06,0.004164285636853782
2016-10-07,0.008742527968069957
2016-10-10,-0.010444618924341897
2016-10-11,-0.005838887718347507
2016-10-12,0.00033897929739801214
2016-10-13,-0.003725955189888386
2016-10-14,0.0021533555604718035
2016-10-17,-0.0067849058989140065
2016-10-18,-0.004326716280933285
2016-10-19,-0.014289004439825503
2016-10-20,-0.007131195338185514
2016-10-21,-0.007064650271777273
2016-10-24,-0.0027271410799899476
2016-10-25,0.03412601417295158
2016-10-26,0.004944101412070578
2016-10-27,-0.0093822987212836
2016-10-28,0.0030032238157255975
2016-10-31,-0.0004605980797767195
2016-11-01,0.0005759391726434249
2016-11-02,-0.001266572671056343
2016-11-03,-0.001613902782722998
2016-11-04,-0.017552120035747687
2016-11-07,0.017395574694508253
2016-11-08,0.01039732468113752
2016-11-09,-0.017493790097741657
2016-11-10,-0.03456290007264684
2016-11-11,0.007473324910541201
2016-11-14,-0.0069395292494546235
2016-11-15,0.007470033447711355
2016-11-16,-0.005142275717501921
2016-11-17,-0.0014425237579929195
2016-11-18,-0.012880656732480844
2016-11-21,0.007804866169363045
2016-11-22,0.0014520210364916686
2016-11-23,-0.0009666104855686752
2016-11-25,0.009433932078372731
2016-11-28,-0.004672882384163857
2016-11-29,-0.002166911458249321
2016-11-30,-0.005187666309964034
2016-12-01,-0.007275954318949784
2016-12-02,0.006596614279407165
2016-12-05,0.007159870177187999
2016-12-06,-0.0009636232480920714
2016-12-07,0.015317665261609825
2016-12-08,-0.008077897033931025
2016-12-09,0.01041911206876911
2016-12-12,0.00900797201021808
2016-12-13,0.0005871371944246029
2016-12-14,-0.009509106907973353
2016-12-15,0.003674316350687601
2016-12-16,0.0
2016-12-19,0.00035403345691742416
2016-12-20,-0.0016526795874879374
2016-12-21,-0.003428894683992212
2016-12-22,0.0022544737355580935
2016-12-23,0.005800761028487589
2016-12-27,-0.004237313247085761
2016-12-28,-0.006264742647741239
2016-12-29,0.0033304196771373196
2016-12-30,-0.0032007907633658794
2017-01-03,0.0014270514346486074
2017-01-04,0.003563051415272911
2017-01-05,0.006627247165082117
2017-01-06,-0.00035265250364713285
2017-01-09,-0.007409318770220663
2017-01-10,-0.010782126028781258
2017-01-11,0.003114272584098021
2017-01-12,0.0010747098069536776
2017-01-13,0.00202751141321289
2017-01-17,0.014284033831633014
2017-01-18,0.0046133689551437485
2017-01-19,-0.0027081162138252735
2017-01-20,0.03246748508290809
2017-01-23,-0.005603184403371153
2017-01-24,0.01034961723221306
2017-01-25,-0.007967222947328989
2017-01-26,-0.006424889793809063
2017-01-27,0.0013854832717388188
2017-01-30,0.0003461112666198751
2017-01-31,0.009798245466779099
2017-02-01,-0.0030820656025318804
2017-02-02,0.004923592407522603
2017-02-03,-0.003988054648996764
2017-02-06,-0.00011439511958066806
2017-02-07,0.006979288142640483
2017-02-08,0.0036362653348123164
2017-02-09,0.0038490187757924677
2017-02-10,-0.007894346855113699
2017-02-13,0.0038647704732497346
2017-02-14,-0.005095605399876746
2017-02-15,0.037104500947093166
2017-02-16,-0.003621429002838683
2017-02-17,0.00330418249390374
2017-02-21,0.0063673333112113095
2017-02-22,-0.0025089105856557214
2017-02-23,-0.003390233527403974
2017-02-24,-0.0008778961560987897
2017-02-27,-0.0017572420793686705
2017-02-28,0.001980458851635669
2017-03-01,0.006478435677611749
2017-03-02,-0.008182468058566261
2017-03-03,-0.0045100946266766195
2017-03-06,-0.001436079807118129
2017-03-07,-0.000885466405445845
2017-03-08,-0.0016611934336207002
2017-03-09,0.002218704048024156
2017-03-10,0.008080655854595387
2017-03-13,0.002635144595471317
2017-03-14,-0.0033950608698232188
2017-03-15,0.004395659198152213
2017-03-16,0.0004377904089996054
2017-03-17,-0.004812105654099175
2017-03-20,0.002417780033934225
2017-03-21,-0.00032912988861377723
2017-03-22,-0.002192971868234861
2017-03-23,-0.002417952232206755
2017-03-24,-0.002203491708386518
2017-03-27,-0.0008831374591723451
2017-03-28,0.0029837264384418027
2017-03-29,-0.001762856975738969
2017-03-30,-0.0044150654998572625
2017-03-31,-0.0038801733532706217
2017-04-03,-0.0018921880620083043
2017-04-04,0.0025648668099891303
2017-04-05,0.0006670973355658028
2017-04-06,-0.006335458390487547
2017-04-07,-0.0019016181796175369
2017-04-10,0.0029138927563352457
2017-04-11,0.003464107966180574
2017-04-12,0.00567934855884511
2017-04-13,-0.0031003952417980596
2017-04-17,0.003998660060007708
2017-04-18,0.004535852993551526
2017-04-19,-0.005659693843535041
2017-04-20,-0.0030133466697187528
2017-04-21,-0.007947851962662345
2017-04-24,0.010494049974167918
2017-04-25,0.005024954471495535
2017-04-26,-0.025110998684269914
2017-04-27,-0.0005698035709924554
2017-04-28,-0.004105403811428321
2017-05-01,-0.0027482825639347785
2017-05-02,-0.009989641900749802
2017-05-03,0.002435754941262358
2017-05-04,0.00023127874396688952
2017-05-05,0.0005783061519721855
2017-05-08,0.0005780690453982551
2017-05-09,-0.001733108141889983
2017-05-10,0.0010416507621477944
2017-05-11,-0.0036998364393280303
2017-05-12,0.00023217163656341633
2017-05-15,0.0016242392928256244
2017-05-16,-0.0010424953860990183
2017-05-17,0.00023198318341144386
2017-05-18,-0.004521210482389737
2017-05-19,0.00430876192226326
2017-05-22,-0.0003479260596228606
2017-05-23,-0.001507781987395096
2017-05-24,0.0048790420428879155
2017-05-25,0.0041618834229690815
2017-05-26,0.004490076530382803
2017-05-30,0.0017191070889790439
2017-05-31,0.007894648294081819
2017-06-01,0.00045422253355820175
2017-06-02,0.005219566749073534
2017-06-05,0.001693104169109061
2017-06-06,0.0006763431490359739
2017-06-07,-0.0003380849423041399
2017-06-08,-0.010363683019528058
2017-06-09,0.003528741009213743
2017-06-12,0.0009074376433269027
2017-06-13,-0.0020400502699466916
2017-06-14,0.004315343543367822
2017-06-15,0.010628564674907803
2017-06-16,0.0031328217722887963
2017-06-19,0.0022305003420581837
2017-06-20,-0.0025596332171085034
2017-06-21,-0.0025660142604471137
2017-06-22,-0.004138535144841193
2017-06-23,0.004380541505335733
2017-06-26,-0.0006710118465867998
2017-06-27,-0.00839313902891925
2017-06-28,-0.00270848831304793
2017-06-29,-0.015616175146702882
2017-06-30,0.0018393819568442993
2017-07-03,0.006769972590567885
2017-07-05,-0.0007979165300016078
2017-07-06,-0.0034220307473847855
2017-07-07,0.0032049907300888414
2017-07-10,-0.006389119707224777
2017-07-11,-0.0036744430881492374
2017-07-12,0.0021897497092744356
2017-07-13,-0.0029897489352969098
2017-07-14,0.004613496133420325
2017-07-17,0.005166492926025779
2017-07-18,0.012449923614977987
2017-07-19,0.004548072124182623
2017-07-20,0.0028296873047848337
2017-07-21,0.00011291704144933412
2017-07-24,-0.004852626497263812
2017-07-25,0.010886748899369803
2017-07-26,0.0017947926322405827
2017-07-27,0.015453496343511564
2017-07-28,-0.005182885821042871
2017-07-31,0.006761865981490756
2017-08-01,0.0030830164486295164
2017-08-02,-0.0006584524381820778
2017-08-03,-0.0019771167282757185
2017-08-04,-0.0020915088813427962
2017-08-07,0.008492713661220952
2017-08-08,0.0015311014731049788
2017-08-09,0.0037125226928984567
2017-08-10,-0.0019581887253135033
2017-08-11,-0.0043601794090371015
2017-08-14,0.003393871042940644
2017-08-15,0.006001123067186809
2017-08-16,0.0026029289959019764
2017-08-17,-0.004002483435496029
2017-08-18,0.004344461128989341
2017-08-21,0.0042174771321912274
2017-08-22,-0.0007537095392873283
2017-08-23,-0.0037720191686355653
2017-08-24,-0.001839037376533903
2017-08-25,0.0026011353086408118
2017-08-28,-0.000432397826187092
2017-08-29,-0.0016223285201729665
2017-08-30,-0.004874081487186821
2017-08-31,0.004353828096343326
2017-09-01,0.0028179869392070955
2017-09-05,0.0020534004861667565
2017-09-06,0.0
2017-09-07,0.002696230429602986
2017-09-08,-0.0013982948747690571
2017-09-11,0.012386845148540937
2017-09-12,-0.0051069809391416365
2017-09-13,0.0004277737691942285
2017-09-14,0.0
2017-09-15,-0.002992957762168791
2017-09-18,-0.0012865339944686527
2017-09-19,0.010949939273411147
2017-09-20,0.0024424158066833623
2017-09-21,-0.018644061509700327
2017-09-22,-0.004317820533311423
2017-09-25,0.005203962408475871
2017-09-26,-0.000755117159601304
2017-09-27,-0.019211998860799273
2017-09-28,0.00022000906275865262
2017-09-29,0.000990189919252149
2017-10-02,0.008683150635623749
2017-10-03,0.0038140355381297564
2017-10-04,0.003256622662198616
2017-10-05,-0.004219939113080273
2017-10-06,0.0032598982777662933
2017-10-09,-0.0022744689617472114
2017-10-10,-0.005427855273603677
2017-10-11,-0.001746119867593765
2017-10-12,0.007543991424133534
2017-10-13,0.00965848433196892
2017-10-16,0.0010745677624652838
2017-10-17,-0.003650163607960999
2017-10-18,-0.0003234196525412347
2017-10-19,-0.005321615044023065
2017-10-20,-0.03646670611289082
2017-10-23,-0.010764762071490463
2017-10-24,-0.003665563992675147
2017-10-25,-0.0013797744830292835
2017-10-26,0.007368170847133371
2017-10-27,-0.00525696294374034
2017-10-30,-0.008846696960912892
2017-10-31,0.0008114846370419482
2017-11-01,0.006370164799081701
2017-11-02,-0.0043733198631920045
2017-11-03,0.000809137640443991
2017-11-06,-0.006121402121937014
2017-11-07,0.010807643071014672
2017-11-08,0.006898016180550526
2017-11-09,0.002283712490707357
2017-11-10,0.004329072889098562
2017-11-13,0.009528019091143314
2017-11-14,-0.0014605896936796814
2017-11-15,-0.007201707783278555
2017-11-16,0.011560848692196757
2017-11-17,-0.009187649628569328
2017-11-20,-0.001809408700658155
2017-11-21,0.00509804605369002
2017-11-22,-0.004395877444839602
2017-11-24,0.0013585929316630718
2017-11-27,0.005765858613812069
2017-11-28,0.004946043458245564
2017-11-29,-0.00022372207442655778
2017-11-30,0.006824818727904081
2017-12-01,0.004111584842943605
2017-12-04,0.011620119610663115
2017-12-05,-0.0001093560827781781
2017-12-06,-0.0016410638613401085
2017-12-07,-0.012602623996703421
2017-12-08,0.002996736735635386
2017-12-11,-0.0015492446253508874
2017-12-12,-0.00421152566969929
2017-12-13,0.01146338195048524
2017-12-14,0.0013203812561040085
2017-12-15,0.009780361528007653
2017-12-18,-0.00010887488834465664
2017-12-19,-0.0021766541058138023
2017-12-20,-0.001636141957947479
2017-12-21,0.001529520200958645
2017-12-22,0.005018007469464125
2017-12-26,0.0037989877749047274
2017-12-27,-0.004109061481839094
2017-12-28,-0.0003256103891996487
2017-12-29,-0.002063769599834342
2018-01-02,-0.013386764991966338
2018-01-03,-0.0012139145018235098
2018-01-04,0.007068966383931841
2018-01-05,0.0006578822580436405
2018-01-08,0.0052608676014684885
2018-01-09,-0.0073047103088936804
2018-01-10,-0.0063701839292795714
2018-01-11,-0.0035371257804891476
2018-01-12,-0.005989966970549654
2018-01-16,0.006807393617910273
2018-01-17,0.010862193673884635
2018-01-18,-0.003646095377913605
2018-01-19,0.009869299669854614
2018-01-22,0.009003998901643495
2018-01-23,-0.030906477824083622
2018-01-24,-0.00830990417515809
2018-01-25,0.0003398052248355654
2018-01-26,-0.006905166585121858
2018-01-29,-0.009916878810813268
2018-01-30,0.0010360551542893948
2018-01-31,-0.007015555439067289
2018-02-01,-0.005675077285166474
2018-02-02,-0.01863718140025994
2018-02-05,-0.03786361545928263
2018-02-06,0.016284330264328517
2018-02-07,-0.006555185840256272
2018-02-08,-0.01979441639290236
2018-02-09,-0.003739918614899307
2018-02-12,0.017642637203870493
2018-02-13,0.002090316284917959
2018-02-14,-0.010061379564483497
2018-02-15,0.021442797322268836
2018-02-16,0.002305478088989288
2018-02-20,-0.01525413280863952
2018-02-21,-0.013523845967062464
2018-02-22,0.007477873832794302
2018-02-23,0.0025978245200621863
2018-02-26,0.007156005561954171
2018-02-27,-0.013353062737472943
2018-02-28,-0.025080732408900075
2018-03-01,0.002292513607975444
2018-03-02,0.010165250275486759
2018-03-05,0.009937137245835892
2018-03-06,-0.0033630128929643677
2018-03-07,-0.01074707112882678
2018-03-08,0.010232331928008653
2018-03-09,0.004001567518518767
2018-03-12,-0.005355617721816808
2018-03-13,-0.0017530328692377806
2018-03-14,-0.009031812637223524
2018-03-15,-0.0041770062671206976
2018-03-16,0.0038131872307500814
2018-03-19,-0.003925367068514318
2018-03-20,-0.004449597365676294
2018-03-21,-0.016217521147965153
2018-03-22,-0.008177566606558773
2018-03-23,-0.006543822437083513
2018-03-26,0.006586926111966429
2018-03-27,0.0180605630041073
2018-03-28,0.013497766208055983
2018-03-29,0.0055807821761633125
2018-04-02,-0.023713276119823545
2018-04-03,0.013695119994771243
2018-04-04,0.007519926328921622
2018-04-05,-0.003162899669955088
2018-04-06,-0.004695256469473996
2018-04-09,-0.003442558682761887
2018-04-10,0.002686795091920713
2018-04-11,-0.001276032819518047
2018-04-12,-0.006132510363110466
2018-04-13,0.007455896887682556
2018-04-16,0.0030623949345154333
2018-04-17,-0.0022897839780311458
2018-04-18,-0.00293251508560477
2018-04-19,-0.03269122398515123
2018-04-20,-0.015343289616493228
2018-04-23,-0.01084023868018913
2018-04-24,-0.0068492310861414385
2018-04-25,-0.002758766209715602
2018-04-26,0.006224057984063336
2018-04-27,0.0008246740507411587
2018-04-30,-0.006455052177192888
2018-05-01,-0.005252799850980594
2018-05-02,-0.014174609862385834
2018-05-03,0.005920464469986841
2018-05-04,0.014994274022053888
2018-05-07,-0.006212886926401651
2018-05-08,-0.007502028629392643
2018-05-09,0.013017921725034354
2018-05-10,0.010777841604991734
2018-05-11,0.0030075668053703986
2018-05-14,-0.0012267242901391473
2018-05-15,-0.004503291550234989
2018-05-16,0.00795096083916702
2018-05-17,0.005847597279480032
2018-05-18,-0.006895544845411106
2018-05-21,0.008304966018491955
2018-05-22,-0.0004049885447352519
2018-05-23,0.002026202800982979
2018-05-24,-0.005527169096030793
2018-05-25,0.00731999515103543
2018-05-29,-0.0034986035698896245
2018-05-30,0.011343625707602945
2018-05-31,-0.022967035892343057
2018-06-01,0.003826573450214976
2018-06-04,0.00993881700015975
2018-06-05,-0.0028308820303107884
2018-06-06,0.005136939021496589
2018-06-07,0.018964707736455644
2018-06-08,0.01874320720251621
2018-06-11,0.004534777309666227
2018-06-12,-0.0037404758976029573
2018-06-13,-0.00996892953051487
2018-06-14,-0.0062768783522290095
2018-06-15,0.01829188438576468
2018-06-18,-0.01990167936291909
2018-06-19,0.00646098964791042
2018-06-20,-0.0062886028428024154
2018-06-21,0.007778707053993195
2018-06-22,0.012951058768375212
2018-06-25,0.0046493967880048
2018-06-26,0.002699614064395117
2018-06-27,-0.003974464861330351
2018-06-28,0.004633941846087897
2018-06-29,0.000128025515026442
2018-07-02,0.0008966893379029894
2018-07-03,-0.002943446909432823
2018-07-05,0.01681616762101168
2018-07-06,0.0012625336512985808
2018-07-09,-0.018282730824144888
2018-07-10,0.02517346523296049
2018-07-11,-0.008268735167228036
2018-07-12,-0.003410685725663498
2018-07-13,0.005323840397629009
2018-07-16,0.002773866476023956
2018-07-17,0.006286961361692267
2018-07-18,-0.0038735488680567975
2018-07-19,-0.0034556249980861597
2018-07-20,-0.0006350367169011273
2018-07-23,-0.0021607018130032074
2018-07-24,0.006113949222945614
2018-07-25,0.006076591824496713
2018-07-26,0.0078017400540904
2018-07-27,0.006118185030065337
2018-07-30,-0.004715974730181149
2018-07-31,0.008478904092068973
2018-08-01,-0.0028437160575139897
2018-08-02,0.016739103829577662
2018-08-03,0.004024398339024904
2018-08-06,0.002307719129983621
2018-08-07,0.001454284770300296
2018-08-08,-0.0035092389402084923
2018-08-09,-0.011536185210369476
2018-08-10,0.0003684250517543841
2018-08-13,0.0011053632398689839
2018-08-14,-0.0025759704031971253
2018-08-15,0.012175648524435756
2018-08-16,0.016889399964412855
2018-08-17,0.0
2018-08-20,-0.000597593054739165
2018-08-21,0.003108724965768639
2018-08-22,-0.006078712137682518
2018-08-23,-0.001798842037745163
2018-08-24,0.0014417057116520304
2018-08-27,0.0009595277409346625
2018-08-28,0.00047954557403206977
2018-08-29,0.0001197806314332528
2018-08-30,-0.000958130286015435
2018-08-31,-0.0055152095338769636
2018-09-04,-0.003013746811242779
2018-09-05,0.007134297301065962
2018-09-06,-0.007683932221453693
2018-09-07,-0.008953462425986602
2018-09-10,0.005737891486580882
2018-09-11,-0.004491257553093764
2018-09-12,0.013412927183131806
2018-09-13,0.004091060541757896
2018-09-14,0.0019171790256748977
2018-09-17,0.00765452416954715
2018-09-18,-0.002967339453123996
2018-09-19,0.0
2018-09-20,0.01619057246407496
2018-09-21,0.005388840509857218
2018-09-24,-0.01806090090079937
2018-09-25,-0.013646787509359881
2018-09-26,0.0016844831097171387
2018-09-27,-0.004804272668527232
2018-09-28,0.004465434438772675
2018-10-01,0.00528646901113583
2018-10-02,0.008246674310721902
2018-10-03,-0.015765790093759113
2018-10-04,-0.013368681428449158
2018-10-05,0.002807614243528489
2018-10-08,0.0030433897023998124
2018-10-09,-0.002427402758317876
2018-10-10,-0.009245476908135264
2018-10-11,-0.03155709797558859
2018-10-12,0.0024090603243551723
2018-10-15,0.013533773847963504
2018-10-16,0.010982380087967814
2018-10-17,0.010492580297982501
2018-10-18,-0.011128652267813455
2018-10-19,0.08798619460306045
2018-10-22,-0.00801848954272677
2018-10-23,0.0064666443543131
2018-10-24,0.026388104017216252
2018-10-25,-0.0051418634101561
2018-10-26,-0.012809055972035965
2018-10-29,0.004325085587384647
2018-10-30,0.010766149450641027
2018-10-31,-0.005718188075367836
2018-11-01,0.010261597962769375
2018-11-02,0.002455630163164635
2018-11-05,0.015477172470042655
2018-11-06,0.003399085326840412
2018-11-07,-0.0024040204319899505
2018-11-08,0.0007667588960493799
2018-11-09,0.011493008871647392
2018-11-12,0.0031381593691919285
2018-11-13,0.0083064036939271
2018-11-14,0.00021396451096711289
2018-11-15,0.003636618579124784
2018-11-16,-0.00010640143036233507
2018-11-19,-0.005649162521411455
2018-11-20,-0.012755966514977457
2018-11-21,-0.007491928144560678
2018-11-23,0.0014223739794230195
2018-11-26,0.004369600379040328
2018-11-27,0.008483741863889671
2018-11-28,0.0031277535736056183
2018-11-29,-0.0020428017236193696
2018-11-30,0.018207214647341097
2018-12-03,-0.012591219824426236
2018-12-04,-0.00010715421864704311
2018-12-06,0.002572062509728301
2018-12-07,-0.011758412158513476
2018-12-10,0.006273776208570059
2018-12-11,0.009459308399556887
2018-12-12,0.0012776017517017735
2018-12-13,0.02616200758527265
2018-12-14,0.001554425091356837
2018-12-17,-0.040045547980216534
2018-12-18,-0.003018106311476587
2018-12-19,-0.007892627426070109
2018-12-20,-0.008500470399665505
2018-12-21,-0.00010991021100126286
2018-12-24,-0.039683529238407234
2018-12-26,0.031249948532080074
2018-12-27,0.021423033034495775
2018-12-28,-0.00912837551711787
2018-12-31,0.00811577904798777
2019-01-02,-0.006962493961754412
2019-01-03,-0.00701139773558479
2019-01-04,0.020410367951551933
2019-01-07,-0.0040003716211106655
2019-01-08,0.003690701928399154
2019-01-09,-0.016331391660069694
2019-01-10,0.0024189105138454625
2019-01-11,0.006581308819926912
2019-01-14,-0.0067561193852268
2019-01-15,0.009435000528356552
2019-01-16,-0.006955770086983004
2019-01-17,-0.00014338443966510628
2019-01-18,0.00860535004775942
2019-01-22,-0.010719650825186111
2019-01-23,0.04865103757908451
2019-01-24,-0.005693899469878305
2019-01-25,-0.007423129659955285
2019-01-28,-0.0008546562455147289
2019-01-29,0.00021395282810776628
2019-01-30,0.010476613421358305
2019-01-31,0.02063068469188689
2019-02-01,0.010365909349303148
2019-02-04,0.005745301349647791
2019-02-05,-0.006018443648949878
2019-02-06,0.0049260133532369466
2019-02-07,-0.007965654860930038
2019-02-08,0.005867768055267453
2019-02-11,0.005731270899359098
2019-02-12,0.010074192580483698
2019-02-13,-0.00020134070538602167
2019-02-14,-0.007859782389976755
2019-02-15,0.00020313769610602606
2019-02-19,0.015333136947719872
2019-02-20,-0.007100804408323502
2019-02-21,0.005036257587796689
2019-02-22,0.004710504203417232
2019-02-25,-0.006783201304587094
2019-02-26,0.0026113507818441573
2019-02-27,-0.009215621195277302
2019-02-28,-0.003639842565343332
2019-03-01,-0.0011160760988629947
2019-03-04,0.0043681863652098585
2019-03-05,0.002225007547972613
2019-03-06,-0.0016146093736181255
2019-03-07,-0.0038411994270867167
2019-03-08,-0.0014205043836706954
2019-03-11,0.011888947627996638
2019-03-12,0.004719885375236155
2019-03-13,0.011294327059094611
2019-03-14,0.0013836591368687756
2019-03-15,0.011054134702395135
2019-03-18,-0.00907844567645677
2019-03-19,0.003841931428367751
2019-03-20,-0.0017663647907524282
2019-03-21,0.007569685767328638
2019-03-22,-0.008098266529746878
2019-03-25,0.0029509172752424373
2019-03-26,0.01039625473484218
2019-03-27,-0.001164723011085389
2019-03-28,0.006316799669027207
2019-03-29,0.004828581415518007
2019-04-01,-0.0039405214491271545
2019-04-02,0.0010614160534376804
2019-04-03,-0.0005782639118525612
2019-04-04,-0.002507515088112533
2019-04-05,0.002127065418015439
2019-04-08,0.012735150657787075
2019-04-09,-0.002953136411738333
2019-04-10,-9.562772898008554e-05
2019-04-11,0.0009556109252473188
2019-04-12,0.00295926283639969
2019-04-15,0.006377381176323471
2019-04-16,0.006526137854929948
2019-04-17,0.0016654825189541533
2019-04-18,0.0018894773661115583
2019-04-22,-0.0003772273492798073
2019-04-23,-0.026884174243774872
2019-04-24,0.0051376001397285265
2019-04-25,-0.0039541286445192725
2019-04-26,0.024980684232241313
2019-04-29,-0.010202228698670601
2019-04-30,0.016224529437614432
2019-05-01,-0.014556754710333353
2019-05-02,0.006003997010910034
2019-05-03,0.004926197308850355
2019-05-06,-0.003770835359367064
2019-05-07,-0.00927331060802794
2019-05-08,0.0035339688986668616
2019-05-09,-0.007899501095581019
2019-05-10,0.0169800370753197
2019-05-13,0.0009432756878826609
2019-05-14,-0.004806335736377454
2019-05-15,0.01041661695080287
2019-05-16,0.013214710989224665
2019-05-17,-0.006104849213669827
2019-05-20,-0.0011168637112591862
2019-05-21,-0.008944312949993649
2019-05-22,0.0032902912236814075
2019-05-23,0.000374932905383929
2019-05-24,-0.0006557575847879749
2019-05-28,-0.020901687775765954
2019-05-29,-0.00258458983168508
2019-05-30,0.01094146928798545
2019-05-31,-0.022975419302411648
2019-06-03,0.00864833494529238
2019-06-04,0.00847775561197528
2019-06-05,0.019583591306814085
2019-06-06,0.006090003939340782
2019-06-07,0.012944822903220743
2019-06-10,-0.0004596701857367824
2019-06-11,0.0060705237710028115
2019-06-12,0.0027428562048437133
2019-06-13,0.011214468388131671
2019-06-14,0.0026145597956919175
2019-06-17,-0.0018883695626694674
2019-06-18,-0.012523572117517978
2019-06-19,0.007481601368064306
2019-06-20,0.011954413191076707
2019-06-21,-0.004832753315545224
2019-06-24,0.010161998950897866
2019-06-25,-0.0054304707167435184
2019-06-26,-0.01781227179297762
2019-06-27,0.0004556486110252056
2019-06-28,-0.0011842616086905622
2019-07-01,0.007660755239419448
2019-07-02,0.008959986429554423
2019-07-03,0.023322638139619878
2019-07-05,-0.008152149714873214
2019-07-08,0.00795398582487472
2019-07-09,-0.009995544293882386
2019-07-10,0.007439569495777398
2019-07-11,0.005538386726702704
2019-07-12,0.005333004508670802
2019-07-15,0.004261426770197474
2019-07-16,0.003550361146257286
2019-07-17,0.0004313612103119535
2019-07-18,0.0021356350355812292
2019-07-19,-0.0037248894282531086
2019-07-22,0.002521525558339288
2019-07-23,-0.01257598515536873
2019-07-24,-0.010979273208771456
2019-07-25,0.0015096910407488284
2019-07-26,0.017380652547223763
2019-07-29,0.011069371850843668
2019-07-30,0.038017300654828334
2019-07-31,-0.019682837190823643
2019-08-01,-0.011097890130847943
2019-08-02,-0.0024843042684546957
2019-08-05,-0.028856048481225582
2019-08-06,0.01061189125217643
2019-08-07,0.010850460904443082
2019-08-08,0.016620589048468304
2019-08-09,-0.005619933578545178
2019-08-12,-0.006422335832788062
2019-08-13,0.01051451845657958
2019-08-14,-0.012451983020186908
2019-08-15,0.013818080433539937
2019-08-16,0.015248329741547995
2019-08-19,0.008894109771992342
2019-08-20,-0.011144387760480434
2019-08-21,0.0025231299525112494
2019-08-22,0.0018456735208469688
2019-08-23,-0.017585067876416116
2019-08-26,0.017047378765355115
2019-08-27,0.010308538104849774
2019-08-28,0.00705097595671389
2019-08-29,-0.0018121618832820374
2019-08-30,-0.007839624009005952
2019-09-03,0.0093986224820366
2019-09-04,0.015243953348317962
2019-09-05,-0.0036523026659212032
2019-09-06,0.0008960747667601243
2019-09-09,-0.005697102027191425
2019-09-10,-0.01874442852510605
2019-09-11,0.011594982330333403
2019-09-12,0.012369099716519116
2019-09-13,-0.005294434317856145
2019-09-16,-0.01940716220147909
2019-09-17,0.011774575116461516
2019-09-18,0.002063345101458891
2019-09-19,0.004035896113939508
2019-09-20,0.002789155708176505
2019-09-23,0.008017049648151975
2019-09-24,0.003165034006780365
2019-09-25,-0.004773083268990508
2019-09-26,0.010486067084370942
2019-09-27,0.002091563264470242
2019-09-30,-0.0015252309107769424
2019-10-01,-0.0042611038786003474
2019-10-02,-0.022365746389124475
2019-10-03,0.005450853592906757
2019-10-04,0.018564287630931542
2019-10-07,-0.009354922570769086
2019-10-08,-0.01554864235848652
2019-10-09,0.00868277775128612
2019-10-10,-0.0003279697798266312
2019-10-11,-0.006970665788542663
2019-10-14,-0.00858872602416294
2019-10-15,-0.023740056006635424
2019-10-16,0.0028157544455433836
2019-10-17,-0.0013188105726666954
2019-10-18,0.007202308653096123
2019-10-21,0.013705690087823186
2019-10-22,0.02603289578791501
2019-10-23,0.006711417510225859
2019-10-24,0.014552832943262484
2019-10-25,-0.01234070485667249
2019-10-28,0.0018661072024748204
2019-10-29,0.0009717693266180216
2019-10-30,0.010841434452204757
2019-10-31,-0.0034415963152573115
2019-11-01,-0.005140103698741627
2019-11-04,-0.03875033312340648
2019-11-05,-0.0014277372401941824
2019-11-06,0.011942764130931538
2019-11-07,-0.005817812070764594
2019-11-08,0.0006687298130720887
2019-11-11,-0.0030910276799936964
2019-11-12,-0.0005028476894024525
2019-11-13,0.011570402870346497
2019-11-14,-0.0012432365624061026
2019-11-15,0.0003319553369418582
2019-11-18,0.011199597425681107
2019-11-19,-0.0038559474224126866
2019-11-20,0.007165210406901101
2019-11-21,-0.015945711025558196
2019-11-22,-0.0004154797240274455
2019-11-25,0.0018289094239669623
2019-11-26,0.014521663659532003
2019-11-27,-0.004089676289072863
2019-11-29,0.0024638694838139408
2019-12-02,0.0054072284705624085
2019-12-03,0.0018741664748660458
2019-12-04,0.012850665857267574
2019-12-05,0.0007228378747317077
2019-12-06,-0.0034504957607776054
2019-12-09,0.005475502753182981
2019-12-10,-0.004805071016988349
2019-12-11,0.003138329359980485
2019-12-12,-0.000721959293744745
2019-12-13,0.007224808955417883
2019-12-16,0.0007172985505501384
2019-12-17,-0.001991095303656598
2019-12-18,-0.01037421540687844
2019-12-19,0.007338121467987957
2019-12-20,0.003522246370908144
2019-12-23,-0.003669395673491893
2019-12-24,0.0025620268639650057
2019-12-26,0.0
2019-12-27,0.006947708375682593
2019-12-30,-0.012847948970515888
2019-12-31,0.0034547167824319214
2020-01-02,-0.011929525120269124
2020-01-03,-0.006725542224280456
2020-01-06,0.0013867914535845571
2020-01-07,-0.00619147827766775
2020-01-08,0.004262646694183081
2020-01-09,0.010937893163332824
2020-01-10,0.0009688662118423341
2020-01-13,0.00734048967369505
2020-01-14,-0.0015213752380475176
2020-01-15,0.010185244996821385
2020-01-16,0.0008732602921175392
2020-01-17,0.002696986951314484
2020-01-21,-0.002531545762666787
2020-01-22,0.001744781671067619
2020-01-23,-0.004571359070197345
2020-01-24,0.0012001530536780436
2020-01-27,0.004395080311518695
2020-01-28,0.0027050283729441738
2020-01-29,-0.007696606547493712
2020-01-30,0.0071166092470125175
2020-01-31,-0.010559687232378212
2020-02-03,0.0039319081987905236
2020-02-04,0.0043961343077316695
2020-02-05,0.009151662786305081
2020-02-06,0.0026023323719286395
2020-02-07,-0.008337240559997516
2020-02-10,0.0007137805561248101
2020-02-11,-0.015930872212007063
2020-02-12,-0.005718433936541589
2020-02-13,0.012231694685882033
2020-02-14,0.009443029082416787
2020-02-18,-0.010068133497539988
2020-02-19,0.004564703951251081
2020-02-20,0.009087985831957024
2020-02-21,0.0009480498942777693
2020-02-24,-0.026835016159289404
2020-02-25,-0.015166320544890644
2020-02-26,-0.010458654260965483
2020-02-27,-0.055426117880655434
2020-02-28,-0.0023788177764570984
2020-03-02,0.05590384827506378
2020-03-03,-0.01162594964088115
2020-03-04,0.053566901709675596
2020-03-05,-0.023052194450143615
2020-03-06,0.0002466740935775924
2020-03-09,-0.04602996484522259
2020-03-10,0.0386868546216983
2020-03-11,-0.07432599514349136
2020-03-12,-0.08737341667823306
2020-03-13,0.1200903163752085
2020-03-16,-0.04882962459472728
2020-03-17,0.08976956956258175
2020-03-18,-0.006681399469407268
2020-03-19,-0.05636427119780818
2020-03-20,-0.07579179138496883
2020-03-23,-0.04617799719764315
2020-03-24,0.05701129337597832
2020-03-25,-0.022755817436165504
2020-03-26,0.06401108000571298
2020-03-27,0.02598247422769462
2020-03-30,0.04384132937989227
2020-03-31,-0.0434781995071617
2020-04-01,-0.006090949989358885
2020-04-02,0.04637336285613758
2020-04-03,0.005944036621259308
2020-04-06,0.023722627124455054
2020-04-07,-0.04278072235156305
2020-04-08,0.0206615135789594
2020-04-09,-0.0038226713979183646
2020-04-13,0.011250554075026287
2020-04-14,0.04320829326208453
2020-04-15,0.0021494920921616423
2020-04-16,0.0023098872982338925
2020-04-17,0.02625513468236207
2020-04-20,-0.032801433111376066
2020-04-21,-0.0076285108254282585
2020-04-22,-0.0023394810661994114
2020-04-23,0.006668983562575059
2020-04-24,-0.005192691111718495
2020-04-27,-0.011197197769286404
2020-04-28,-0.004767918671030658
2020-04-29,0.0016254260856749525
2020-04-30,0.006747552308973281
2020-05-01,-0.00890814675009588
2020-05-04,-0.00898821508913128
2020-05-05,0.0020731412124768145
2020-05-06,-0.025084063458389427
2020-05-07,-0.00822284114696592
2020-05-08,0.033698832660855604
2020-05-11,-0.005519617785008424
2020-05-12,-0.006590858927628007
2020-05-13,-0.005499812133205717
2020-05-14,-0.0009656230641036379
2020-05-15,0.0070293231946549906
2020-05-18,0.013960379451688043
2020-05-19,-0.03244128492971332
2020-05-20,0.0074706469330334535
2020-05-21,-0.014653946856899025
2020-05-22,0.008779783737167701
2020-05-26,-0.005062198293513509
2020-05-27,0.01660268717299962
2020-05-28,0.019053496721760155
2020-05-29,-0.0012062719792379495
2020-06-01,0.011473456988163377
2020-06-02,0.00690827897995927
2020-06-03,0.003981057040942648
2020-06-04,-0.020922961567417575
2020-06-05,0.0196466929588468
2020-06-08,0.006084675085941571
2020-06-09,-0.005963909698211811
2020-06-10,0.007520731594098828
2020-06-11,-0.024909856690231824
2020-06-12,-0.005504899895812376
2020-06-15,0.009254482532071284
2020-06-16,0.012340316369343185
2020-06-17,-0.0016929842120724237
2020-06-18,0.011447429951490173
2020-06-19,-0.003018107097810363
2020-06-22,-0.009838509560576414
2020-06-23,-0.0001698512859078516
2020-06-24,-0.011127181794118202
2020-06-25,0.012626722755831654
2020-06-26,-0.022563394075263532
2020-06-29,0.0210882796369789
2020-06-30,0.01623317218723841
2020-07-01,0.003428983984269607
2020-07-02,0.007501181898157849
2020-07-06,0.0062045289352026245
2020-07-07,0.004850805904894173
2020-07-08,0.005481883345130445
2020-07-09,-0.003336284022340763
2020-07-10,0.01151204576886311
2020-07-13,0.001291529528284041
2020-07-14,0.008383649423469697
2020-07-15,-0.004716570896387884
2020-07-16,0.00208835225461268
2020-07-17,0.00697335427528345
2020-07-20,-0.003104321886835182
2020-07-21,-0.0013574237062957684
2020-07-22,0.008555235311941134
2020-07-23,0.006469972995318818
2020-07-24,-0.0015853247608678123
2020-07-27,0.0028580550410304273
2020-07-28,0.012349569049735054
2020-07-29,0.0033625298280517413
2020-07-30,0.02423817839238418
2020-07-31,-0.002282780824362396
2020-08-03,0.001296508353233028
2020-08-04,0.019041816801311784
2020-08-05,-0.0026159717638826185
2020-08-06,-0.005470591383266887
2020-08-07,0.006329562922121834
2020-08-10,0.004118330506848844
2020-08-11,-0.006487772829070426
2020-08-12,0.016738054926374035
2020-08-13,0.0023622622882752964
2020-08-14,-0.005008047443619046
2020-08-17,0.0029607244886273865
2020-08-18,0.007453833998789294
2020-08-19,-0.005420776969835339
2020-08-20,0.007954642388368516
2020-08-21,0.004311262780977376
2020-08-24,0.007785157497256723
2020-08-25,0.003970854621113018
2020-08-26,-0.00481805106218991
2020-08-27,-0.001300619095130351
2020-08-28,0.004051787362640891
2020-08-31,-0.0031707316268604346
2020-09-01,-0.0010844296485779115
2020-09-02,0.016862078119527002
2020-09-03,-0.01601309577939336
2020-09-04,-0.0021697367632538267
2020-09-08,-0.014641955451991873
2020-09-09,0.016257109131881053
2020-09-10,-0.010495816230934207
2020-09-11,0.010534034188394825
2020-09-14,0.0035471658848202914
2020-09-15,0.0
2020-09-16,-0.00670856165197764
2020-09-17,-0.0013071363817742654
2020-09-18,-0.0010908169765340148
2020-09-21,-0.004804458227994357
2020-09-22,0.009143441874128744
2020-09-23,-0.011960054182192148
2020-09-24,0.004475098094615992
2020-09-25,0.005112452217377772
2020-09-28,0.002833886088401183
2020-09-29,-0.005434389028707964
2020-09-30,0.012603898117174772
2020-10-01,0.0017986904821893912
2020-10-02,-0.00804373981464368
2020-10-05,0.00919493424093587
2020-10-06,0.0015783142382268522
2020-10-07,0.007807437383606786
2020-10-08,0.006751932969775831
2020-10-09,0.00896579122614738
